contractId,stockSymbol,buyerMemberId,sellerMemberId,quantity,rate,amount,businessDate,tradeBookId,stockId,buyerBrokerName,sellerBrokerName,transaction_time,securityName
2026042105000165,HIDCL,41,41,15,274.1,4111.5,2026-04-21,187184656,2742,Linch Stock Market Ltd.,Linch Stock Market Ltd.,2026-04-21 11:04:54.436517,Hydorelectricity Investment and Development Company Ltd
2026042105000259,HIDCL,58,17,30,274.0,8220.0,2026-04-21,187186400,2742,Naasa Securities Co. Ltd.,ABC Securities Private Limited,2026-04-21 11:07:12.737055,Hydorelectricity Investment and Development Company Ltd
2026042105000260,HIDCL,45,17,470,274.0,128780.0,2026-04-21,187186401,2742,Imperial Securities Company Pvt. Ltd.,ABC Securities Private Limited,2026-04-21 11:07:12.737140,Hydorelectricity Investment and Development Company Ltd
2026042105000306,HIDCL,45,58,17,274.0,4658.0,2026-04-21,187187163,2742,Imperial Securities Company Pvt. Ltd.,Naasa Securities Co. Ltd.,2026-04-21 11:07:53.235151,Hydorelectricity Investment and Development Company Ltd
2026042105000363,HIDCL,45,28,200,274.0,54800.0,2026-04-21,187187835,2742,Imperial Securities Company Pvt. Ltd.,Shree Krishna Securities Ltd.,2026-04-21 11:08:35.914142,Hydorelectricity Investment and Development Company Ltd
2026042105000566,HIDCL,35,58,300,274.1,82230.0,2026-04-21,187190234,2742,Kohinoor Investment & Securities Pvt. Ltd.,Naasa Securities Co. Ltd.,2026-04-21 11:11:33.762131,Hydorelectricity Investment and Development Company Ltd
2026042105000567,HIDCL,45,58,313,274.0,85762.0,2026-04-21,187190236,2742,Imperial Securities Company Pvt. Ltd.,Naasa Securities Co. Ltd.,2026-04-21 11:11:33.762226,Hydorelectricity Investment and Development Company Ltd
2026042105000568,HIDCL,22,58,50,273.1,13655.0,2026-04-21,187190238,2742,Siprabi Securities Pvt. Ltd.,Naasa Securities Co. Ltd.,2026-04-21 11:11:33.762268,Hydorelectricity Investment and Development Company Ltd
2026042105000569,HIDCL,42,58,10,273.0,2730.0,2026-04-21,187190240,2742,Sani Securities Company Ltd.,Naasa Securities Co. Ltd.,2026-04-21 11:11:33.762304,Hydorelectricity Investment and Development Company Ltd
2026042105000570,HIDCL,53,58,500,273.0,136500.0,2026-04-21,187190242,2742,Investment Management Nepal Pvt. Ltd.,Naasa Securities Co. Ltd.,2026-04-21 11:11:33.762351,Hydorelectricity Investment and Development Company Ltd
2026042105000571,HIDCL,42,58,10,272.0,2720.0,2026-04-21,187190244,2742,Sani Securities Company Ltd.,Naasa Securities Co. Ltd.,2026-04-21 11:11:33.762385,Hydorelectricity Investment and Development Company Ltd
2026042105000572,HIDCL,54,58,100,272.0,27200.0,2026-04-21,187190246,2742,Sewa Securities Pvt. Ltd.,Naasa Securities Co. Ltd.,2026-04-21 11:11:33.762417,Hydorelectricity Investment and Development Company Ltd
2026042105000573,HIDCL,42,58,10,271.0,2710.0,2026-04-21,187190248,2742,Sani Securities Company Ltd.,Naasa Securities Co. Ltd.,2026-04-21 11:11:33.762460,Hydorelectricity Investment and Development Company Ltd
2026042105000574,HIDCL,38,58,300,271.0,81300.0,2026-04-21,187190250,2742,Dipshikha Dhitopatra Karobar Co. Pvt Ltd.,Naasa Securities Co. Ltd.,2026-04-21 11:11:33.762494,Hydorelectricity Investment and Development Company Ltd
2026042105000575,HIDCL,32,58,1807,271.0,489697.0,2026-04-21,187190251,2742,Premier Securities Company Ltd.,Naasa Securities Co. Ltd.,2026-04-21 11:11:33.762528,Hydorelectricity Investment and Development Company Ltd
2026042105000616,HIDCL,60,53,1000,272.0,272000.0,2026-04-21,187190757,2742,Nagarik Stock Dealer ,Investment Management Nepal Pvt. Ltd.,2026-04-21 11:12:12.674103,Hydorelectricity Investment and Development Company Ltd
2026042105000773,HIDCL,82,11,50,272.2,13610.0,2026-04-21,187192596,2742,N.M.B. SECURITIES LIMITED,Malla & Malla Stock Broking Company Pvt. Limited,2026-04-21 11:14:42.084738,Hydorelectricity Investment and Development Company Ltd
2026042105000774,HIDCL,38,11,100,272.0,27200.0,2026-04-21,187192598,2742,Dipshikha Dhitopatra Karobar Co. Pvt Ltd.,Malla & Malla Stock Broking Company Pvt. Limited,2026-04-21 11:14:42.084862,Hydorelectricity Investment and Development Company Ltd
2026042105000775,HIDCL,59,11,53,272.0,14416.0,2026-04-21,187192599,2742,Deevyaa Securities & Stock House Pvt. Ltd,Malla & Malla Stock Broking Company Pvt. Limited,2026-04-21 11:14:42.084907,Hydorelectricity Investment and Development Company Ltd
2026042105000895,HIDCL,59,57,10,272.0,2720.0,2026-04-21,187194647,2742,Deevyaa Securities & Stock House Pvt. Ltd,Aryatara Investment & Securities,2026-04-21 11:17:13.861421,Hydorelectricity Investment and Development Company Ltd
2026042105001246,HIDCL,64,25,11,273.0,3003.0,2026-04-21,187201969,2742,SUN SECURITIES PVT LTD,Sweta Securities Private Limited,2026-04-21 11:23:22.541781,Hydorelectricity Investment and Development Company Ltd
2026042105001516,HIDCL,44,52,10,275.0,2750.0,2026-04-21,187206364,2742,Dynamic Money Managers Securities Pvt. Ltd.,Sundhara Securities Limited,2026-04-21 11:28:36.301911,Hydorelectricity Investment and Development Company Ltd
2026042105001531,HIDCL,35,17,240,273.6,65664.0,2026-04-21,187206562,2742,Kohinoor Investment & Securities Pvt. Ltd.,ABC Securities Private Limited,2026-04-21 11:28:59.248664,Hydorelectricity Investment and Development Company Ltd
2026042105001532,HIDCL,49,17,36,273.5,9846.0,2026-04-21,187206564,2742,Online Securities Pvt. Ltd.,ABC Securities Private Limited,2026-04-21 11:28:59.248732,Hydorelectricity Investment and Development Company Ltd
2026042105001533,HIDCL,52,17,324,273.1,88484.4,2026-04-21,187206565,2742,Sundhara Securities Limited,ABC Securities Private Limited,2026-04-21 11:28:59.248767,Hydorelectricity Investment and Development Company Ltd
2026042105002247,HIDCL,58,52,136,275.0,37400.0,2026-04-21,187214957,2742,Naasa Securities Co. Ltd.,Sundhara Securities Limited,2026-04-21 11:41:14.778621,Hydorelectricity Investment and Development Company Ltd
2026042105002248,HIDCL,58,4,50,275.0,13750.0,2026-04-21,187214959,2742,Naasa Securities Co. Ltd.,Opal Securities Investment (PVT) Ltd.,2026-04-21 11:41:14.778975,Hydorelectricity Investment and Development Company Ltd
2026042105002382,HIDCL,33,46,40,275.5,11020.0,2026-04-21,187217097,2742,Dakshinkali Investment & Securities Pvt. Ltd.,Kalika Securities Pvt. Ltd.,2026-04-21 11:43:34.972233,Hydorelectricity Investment and Development Company Ltd
2026042105002399,HIDCL,33,38,40,275.5,11020.0,2026-04-21,187217291,2742,Dakshinkali Investment & Securities Pvt. Ltd.,Dipshikha Dhitopatra Karobar Co. Pvt Ltd.,2026-04-21 11:43:47.582059,Hydorelectricity Investment and Development Company Ltd
2026042105002433,HIDCL,58,45,100,275.0,27500.0,2026-04-21,187217819,2742,Naasa Securities Co. Ltd.,Imperial Securities Company Pvt. Ltd.,2026-04-21 11:44:32.695924,Hydorelectricity Investment and Development Company Ltd
2026042105002496,HIDCL,58,45,102,275.0,28050.0,2026-04-21,187218743,2742,Naasa Securities Co. Ltd.,Imperial Securities Company Pvt. Ltd.,2026-04-21 11:45:44.187494,Hydorelectricity Investment and Development Company Ltd
2026042105002515,HIDCL,59,3,1,270.0,270.0,2026-04-21,187219257,2742,Deevyaa Securities & Stock House Pvt. Ltd,Arun Securities (PVT) Ltd.,2026-04-21 11:46:08.931878,Hydorelectricity Investment and Development Company Ltd
2026042105002521,HIDCL,35,57,60,275.5,16530.0,2026-04-21,187219312,2742,Kohinoor Investment & Securities Pvt. Ltd.,Aryatara Investment & Securities,2026-04-21 11:46:12.389147,Hydorelectricity Investment and Development Company Ltd
2026042105002522,HIDCL,58,57,524,275.0,144100.0,2026-04-21,187219314,2742,Naasa Securities Co. Ltd.,Aryatara Investment & Securities,2026-04-21 11:46:12.389351,Hydorelectricity Investment and Development Company Ltd
2026042105002523,HIDCL,49,57,220,275.0,60500.0,2026-04-21,187219316,2742,Online Securities Pvt. Ltd.,Aryatara Investment & Securities,2026-04-21 11:46:12.389428,Hydorelectricity Investment and Development Company Ltd
2026042105002524,HIDCL,52,57,30,275.0,8250.0,2026-04-21,187219317,2742,Sundhara Securities Limited,Aryatara Investment & Securities,2026-04-21 11:46:12.389555,Hydorelectricity Investment and Development Company Ltd
2026042105002528,HIDCL,52,57,1000,275.0,275000.0,2026-04-21,187219389,2742,Sundhara Securities Limited,Aryatara Investment & Securities,2026-04-21 11:46:18.379996,Hydorelectricity Investment and Development Company Ltd
2026042105002650,HIDCL,51,64,100,275.2,27520.0,2026-04-21,187221259,2742,Oxford Securities Pvt. Ltd.,SUN SECURITIES PVT LTD,2026-04-21 11:48:39.168690,Hydorelectricity Investment and Development Company Ltd
2026042105002678,HIDCL,58,38,500,275.5,137750.0,2026-04-21,187221546,2742,Naasa Securities Co. Ltd.,Dipshikha Dhitopatra Karobar Co. Pvt Ltd.,2026-04-21 11:48:58.649982,Hydorelectricity Investment and Development Company Ltd
2026042105002716,HIDCL,51,34,30,275.2,8256.0,2026-04-21,187221909,2742,Oxford Securities Pvt. Ltd.,Vision Securities Pvt. Ltd,2026-04-21 11:49:28.810100,Hydorelectricity Investment and Development Company Ltd
2026042105002753,HIDCL,59,3,1,270.0,270.0,2026-04-21,187222273,2742,Deevyaa Securities & Stock House Pvt. Ltd,Arun Securities (PVT) Ltd.,2026-04-21 11:50:01.910776,Hydorelectricity Investment and Development Company Ltd
2026042105002754,HIDCL,58,38,500,275.9,137950.0,2026-04-21,187222276,2742,Naasa Securities Co. Ltd.,Dipshikha Dhitopatra Karobar Co. Pvt Ltd.,2026-04-21 11:50:01.977881,Hydorelectricity Investment and Development Company Ltd
2026042105002905,HIDCL,57,38,17,276.0,4692.0,2026-04-21,187223847,2742,Aryatara Investment & Securities,Dipshikha Dhitopatra Karobar Co. Pvt Ltd.,2026-04-21 11:51:53.343855,Hydorelectricity Investment and Development Company Ltd
2026042105002906,HIDCL,57,42,71,276.0,19596.0,2026-04-21,187223849,2742,Aryatara Investment & Securities,Sani Securities Company Ltd.,2026-04-21 11:51:53.344021,Hydorelectricity Investment and Development Company Ltd
2026042105002907,HIDCL,57,17,100,276.0,27600.0,2026-04-21,187223851,2742,Aryatara Investment & Securities,ABC Securities Private Limited,2026-04-21 11:51:53.344210,Hydorelectricity Investment and Development Company Ltd
2026042105002908,HIDCL,57,64,100,276.0,27600.0,2026-04-21,187223853,2742,Aryatara Investment & Securities,SUN SECURITIES PVT LTD,2026-04-21 11:51:53.344448,Hydorelectricity Investment and Development Company Ltd
2026042105002933,HIDCL,57,37,72,276.0,19872.0,2026-04-21,187224207,2742,Aryatara Investment & Securities,Swarna Laxmi Securities Pvt. Ltd.,2026-04-21 11:52:19.522308,Hydorelectricity Investment and Development Company Ltd
2026042105003049,HIDCL,40,62,10,277.0,2770.0,2026-04-21,187225726,2742,Creative Securities Pvt Ltd,Capital Max Securities Ltd,2026-04-21 11:53:56.239450,Hydorelectricity Investment and Development Company Ltd
2026042105003212,HIDCL,7,45,300,276.5,82950.0,2026-04-21,187227368,2742,J.F. Securites (PVT) Ltd.,Imperial Securities Company Pvt. Ltd.,2026-04-21 11:55:52.278792,Hydorelectricity Investment and Development Company Ltd
2026042105003315,HIDCL,47,45,200,276.5,55300.0,2026-04-21,187228469,2742,Neev Securities Pvt. Ltd.,Imperial Securities Company Pvt. Ltd.,2026-04-21 11:57:13.144146,Hydorelectricity Investment and Development Company Ltd
2026042105003367,HIDCL,47,99,126,276.5,34839.0,2026-04-21,187229018,2742,Neev Securities Pvt. Ltd.,Prabhu Stock Market Limited,2026-04-21 11:58:05.473918,Hydorelectricity Investment and Development Company Ltd
2026042105003368,HIDCL,7,99,10,276.5,2765.0,2026-04-21,187229020,2742,J.F. Securites (PVT) Ltd.,Prabhu Stock Market Limited,2026-04-21 11:58:05.474272,Hydorelectricity Investment and Development Company Ltd
2026042105003369,HIDCL,34,99,100,276.1,27610.0,2026-04-21,187229022,2742,Vision Securities Pvt. Ltd,Prabhu Stock Market Limited,2026-04-21 11:58:05.474552,Hydorelectricity Investment and Development Company Ltd
2026042105003385,HIDCL,58,53,50,276.5,13825.0,2026-04-21,187229174,2742,Naasa Securities Co. Ltd.,Investment Management Nepal Pvt. Ltd.,2026-04-21 11:58:21.323516,Hydorelectricity Investment and Development Company Ltd
2026042105003408,HIDCL,57,53,140,276.0,38640.0,2026-04-21,187229330,2742,Aryatara Investment & Securities,Investment Management Nepal Pvt. Ltd.,2026-04-21 11:58:36.799182,Hydorelectricity Investment and Development Company Ltd
2026042105003409,HIDCL,58,53,28,276.0,7728.0,2026-04-21,187229332,2742,Naasa Securities Co. Ltd.,Investment Management Nepal Pvt. Ltd.,2026-04-21 11:58:36.799614,Hydorelectricity Investment and Development Company Ltd
2026042105003419,HIDCL,51,17,30,275.2,8256.0,2026-04-21,187229446,2742,Oxford Securities Pvt. Ltd.,ABC Securities Private Limited,2026-04-21 11:58:49.627391,Hydorelectricity Investment and Development Company Ltd
2026042105003420,HIDCL,28,17,31,275.0,8525.0,2026-04-21,187229447,2742,Shree Krishna Securities Ltd.,ABC Securities Private Limited,2026-04-21 11:58:49.627762,Hydorelectricity Investment and Development Company Ltd
2026042105003486,HIDCL,28,21,69,275.0,18975.0,2026-04-21,187229942,2742,Shree Krishna Securities Ltd.,Midas Stock Broking Company Private Limited,2026-04-21 11:59:32.788859,Hydorelectricity Investment and Development Company Ltd
2026042105003487,HIDCL,14,21,70,275.0,19250.0,2026-04-21,187229943,2742,Nepal Stock House (PVT) Ltd.,Midas Stock Broking Company Private Limited,2026-04-21 11:59:32.789190,Hydorelectricity Investment and Development Company Ltd
2026042105003733,HIDCL,14,22,50,275.0,13750.0,2026-04-21,187231629,2742,Nepal Stock House (PVT) Ltd.,Siprabi Securities Pvt. Ltd.,2026-04-21 12:02:07.675370,Hydorelectricity Investment and Development Company Ltd
2026042105003830,HIDCL,14,20,380,275.0,104500.0,2026-04-21,187232832,2742,Nepal Stock House (PVT) Ltd.,Sipla Securities Private Limited,2026-04-21 12:03:54.234886,Hydorelectricity Investment and Development Company Ltd
2026042105003831,HIDCL,42,20,20,275.0,5500.0,2026-04-21,187232833,2742,Sani Securities Company Ltd.,Sipla Securities Private Limited,2026-04-21 12:03:54.235285,Hydorelectricity Investment and Development Company Ltd
2026042105003917,HIDCL,42,26,50,275.0,13750.0,2026-04-21,187233715,2742,Sani Securities Company Ltd.,Asian Securities Private Ltd.,2026-04-21 12:05:28.758132,Hydorelectricity Investment and Development Company Ltd
2026042105003966,HIDCL,6,58,140,276.0,38640.0,2026-04-21,187234161,2742,Agrawal Securities (PVT) Ltd.,Naasa Securities Co. Ltd.,2026-04-21 12:06:07.412992,Hydorelectricity Investment and Development Company Ltd
2026042105003967,HIDCL,6,22,50,276.0,13800.0,2026-04-21,187234163,2742,Agrawal Securities (PVT) Ltd.,Siprabi Securities Pvt. Ltd.,2026-04-21 12:06:07.413389,Hydorelectricity Investment and Development Company Ltd
2026042105004003,HIDCL,6,99,19,276.0,5244.0,2026-04-21,187234425,2742,Agrawal Securities (PVT) Ltd.,Prabhu Stock Market Limited,2026-04-21 12:06:26.513088,Hydorelectricity Investment and Development Company Ltd
2026042105004025,HIDCL,6,58,21,276.0,5796.0,2026-04-21,187234714,2742,Agrawal Securities (PVT) Ltd.,Naasa Securities Co. Ltd.,2026-04-21 12:06:54.502827,Hydorelectricity Investment and Development Company Ltd
2026042105004260,HIDCL,42,57,100,275.0,27500.0,2026-04-21,187237275,2742,Sani Securities Company Ltd.,Aryatara Investment & Securities,2026-04-21 12:11:47.709388,Hydorelectricity Investment and Development Company Ltd
2026042105004299,HIDCL,42,8,27,275.0,7425.0,2026-04-21,187237548,2742,Sani Securities Company Ltd.,Brilliant Securities Pvt. Ltd.,2026-04-21 12:12:24.787893,Hydorelectricity Investment and Development Company Ltd
2026042105004300,HIDCL,4,8,20,275.0,5500.0,2026-04-21,187237550,2742,Opal Securities Investment (PVT) Ltd.,Brilliant Securities Pvt. Ltd.,2026-04-21 12:12:24.788277,Hydorelectricity Investment and Development Company Ltd
2026042105004301,HIDCL,64,8,153,275.0,42075.0,2026-04-21,187237551,2742,SUN SECURITIES PVT LTD,Brilliant Securities Pvt. Ltd.,2026-04-21 12:12:24.788546,Hydorelectricity Investment and Development Company Ltd
2026042105004323,HIDCL,64,34,100,275.0,27500.0,2026-04-21,187237817,2742,SUN SECURITIES PVT LTD,Vision Securities Pvt. Ltd,2026-04-21 12:13:05.036226,Hydorelectricity Investment and Development Company Ltd
2026042105004329,HIDCL,64,14,247,275.0,67925.0,2026-04-21,187237858,2742,SUN SECURITIES PVT LTD,Nepal Stock House (PVT) Ltd.,2026-04-21 12:13:14.276926,Hydorelectricity Investment and Development Company Ltd
2026042105004331,HIDCL,58,67,360,275.5,99180.0,2026-04-21,187237876,2742,Naasa Securities Co. Ltd.,Property Wiard Limited,2026-04-21 12:13:17.343655,Hydorelectricity Investment and Development Company Ltd
2026042105004430,HIDCL,94,91,280,275.4,77112.0,2026-04-21,187239005,2742,K.B.L. Securities Limited ,Citizens Share Broker Limited,2026-04-21 12:15:52.761894,Hydorelectricity Investment and Development Company Ltd
2026042105004431,HIDCL,94,40,500,275.4,137700.0,2026-04-21,187239008,2742,K.B.L. Securities Limited ,Creative Securities Pvt Ltd,2026-04-21 12:15:52.762142,Hydorelectricity Investment and Development Company Ltd
2026042105004443,HIDCL,94,67,2000,275.5,551000.0,2026-04-21,187239124,2742,K.B.L. Securities Limited ,Property Wiard Limited,2026-04-21 12:16:08.949677,Hydorelectricity Investment and Development Company Ltd
2026042105004451,HIDCL,94,67,1800,275.5,495900.0,2026-04-21,187239252,2742,K.B.L. Securities Limited ,Property Wiard Limited,2026-04-21 12:16:30.432654,Hydorelectricity Investment and Development Company Ltd
2026042105004604,HIDCL,14,28,14,274.5,3843.0,2026-04-21,187240806,2742,Nepal Stock House (PVT) Ltd.,Shree Krishna Securities Ltd.,2026-04-21 12:19:31.946781,Hydorelectricity Investment and Development Company Ltd
2026042105004605,HIDCL,32,28,36,274.5,9882.0,2026-04-21,187240807,2742,Premier Securities Company Ltd.,Shree Krishna Securities Ltd.,2026-04-21 12:19:31.947176,Hydorelectricity Investment and Development Company Ltd
2026042105004636,HIDCL,32,101,214,274.5,58743.0,2026-04-21,187241048,2742,Premier Securities Company Ltd.,APPLE SECURITIES PRIVATE LIMITED,2026-04-21 12:20:02.072882,Hydorelectricity Investment and Development Company Ltd
2026042105004637,HIDCL,16,101,1000,274.0,274000.0,2026-04-21,187241050,2742,Primo Securities (PVT) Ltd.,APPLE SECURITIES PRIVATE LIMITED,2026-04-21 12:20:02.072956,Hydorelectricity Investment and Development Company Ltd
2026042105004638,HIDCL,57,101,786,274.0,215364.0,2026-04-21,187241051,2742,Aryatara Investment & Securities,APPLE SECURITIES PRIVATE LIMITED,2026-04-21 12:20:02.072984,Hydorelectricity Investment and Development Company Ltd
2026042105004849,HIDCL,71,44,10,274.5,2745.0,2026-04-21,187243026,2742,SHUBHAKAMANA SECURITIES PVT. LTD,Dynamic Money Managers Securities Pvt. Ltd.,2026-04-21 12:23:54.915727,Hydorelectricity Investment and Development Company Ltd
2026042105004908,HIDCL,4,57,50,274.5,13725.0,2026-04-21,187243678,2742,Opal Securities Investment (PVT) Ltd.,Aryatara Investment & Securities,2026-04-21 12:25:14.648867,Hydorelectricity Investment and Development Company Ltd
2026042105004909,HIDCL,32,57,150,274.1,41115.0,2026-04-21,187243680,2742,Premier Securities Company Ltd.,Aryatara Investment & Securities,2026-04-21 12:25:14.649303,Hydorelectricity Investment and Development Company Ltd
2026042105004910,HIDCL,57,57,214,274.0,58636.0,2026-04-21,187243682,2742,Aryatara Investment & Securities,Aryatara Investment & Securities,2026-04-21 12:25:14.649578,Hydorelectricity Investment and Development Company Ltd
2026042105004911,HIDCL,62,57,17,274.0,4658.0,2026-04-21,187243684,2742,Capital Max Securities Ltd,Aryatara Investment & Securities,2026-04-21 12:25:14.649829,Hydorelectricity Investment and Development Company Ltd
2026042105005206,HIDCL,4,22,8,272.2,2177.6,2026-04-21,187246677,2742,Opal Securities Investment (PVT) Ltd.,Siprabi Securities Pvt. Ltd.,2026-04-21 12:30:34.714842,Hydorelectricity Investment and Development Company Ltd
2026042105005210,HIDCL,57,57,30,273.5,8205.0,2026-04-21,187246706,2742,Aryatara Investment & Securities,Aryatara Investment & Securities,2026-04-21 12:30:41.261195,Hydorelectricity Investment and Development Company Ltd
2026042105005211,HIDCL,32,57,263,273.4,71904.2,2026-04-21,187246707,2742,Premier Securities Company Ltd.,Aryatara Investment & Securities,2026-04-21 12:30:41.261484,Hydorelectricity Investment and Development Company Ltd
2026042105005294,HIDCL,94,22,103,274.0,28222.0,2026-04-21,187247794,2742,K.B.L. Securities Limited ,Siprabi Securities Pvt. Ltd.,2026-04-21 12:32:01.261005,Hydorelectricity Investment and Development Company Ltd
2026042105005603,HIDCL,1,35,5,267.0,1335.0,2026-04-21,187250003,2742,Kumari Securities Private Limited,Kohinoor Investment & Securities Pvt. Ltd.,2026-04-21 12:35:32.543670,Hydorelectricity Investment and Development Company Ltd
2026042105005696,HIDCL,32,42,737,273.4,201495.8,2026-04-21,187251314,2742,Premier Securities Company Ltd.,Sani Securities Company Ltd.,2026-04-21 12:38:12.523662,Hydorelectricity Investment and Development Company Ltd
2026042105005697,HIDCL,49,42,263,273.3,71877.9,2026-04-21,187251315,2742,Online Securities Pvt. Ltd.,Sani Securities Company Ltd.,2026-04-21 12:38:12.523781,Hydorelectricity Investment and Development Company Ltd
2026042105005871,HIDCL,94,42,10,274.0,2740.0,2026-04-21,187253112,2742,K.B.L. Securities Limited ,Sani Securities Company Ltd.,2026-04-21 12:41:43.555999,Hydorelectricity Investment and Development Company Ltd
2026042105005922,HIDCL,85,32,64,273.4,17497.6,2026-04-21,187253630,2742,Capital Hub P. Ltd,Premier Securities Company Ltd.,2026-04-21 12:42:42.661183,Hydorelectricity Investment and Development Company Ltd
2026042105005949,HIDCL,49,32,91,273.3,24870.3,2026-04-21,187253907,2742,Online Securities Pvt. Ltd.,Premier Securities Company Ltd.,2026-04-21 12:43:12.790404,Hydorelectricity Investment and Development Company Ltd
2026042105006125,HIDCL,94,57,91,273.4,24879.4,2026-04-21,187255738,2742,K.B.L. Securities Limited ,Aryatara Investment & Securities,2026-04-21 12:47:11.376718,Hydorelectricity Investment and Development Company Ltd
2026042105006126,HIDCL,49,57,104,273.3,28423.2,2026-04-21,187255739,2742,Online Securities Pvt. Ltd.,Aryatara Investment & Securities,2026-04-21 12:47:11.376798,Hydorelectricity Investment and Development Company Ltd
2026042105006199,HIDCL,49,42,29,273.3,7925.7,2026-04-21,187256587,2742,Online Securities Pvt. Ltd.,Sani Securities Company Ltd.,2026-04-21 12:48:50.682583,Hydorelectricity Investment and Development Company Ltd
2026042105006350,HIDCL,53,99,1000,273.4,273400.0,2026-04-21,187258197,2742,Investment Management Nepal Pvt. Ltd.,Prabhu Stock Market Limited,2026-04-21 12:51:44.073104,Hydorelectricity Investment and Development Company Ltd
2026042105006368,HIDCL,49,99,513,273.3,140202.9,2026-04-21,187258350,2742,Online Securities Pvt. Ltd.,Prabhu Stock Market Limited,2026-04-21 12:52:03.721109,Hydorelectricity Investment and Development Company Ltd
2026042105006369,HIDCL,45,99,163,273.3,44547.9,2026-04-21,187258351,2742,Imperial Securities Company Pvt. Ltd.,Prabhu Stock Market Limited,2026-04-21 12:52:03.721376,Hydorelectricity Investment and Development Company Ltd
2026042105006402,HIDCL,14,11,30,273.2,8196.0,2026-04-21,187258715,2742,Nepal Stock House (PVT) Ltd.,Malla & Malla Stock Broking Company Pvt. Limited,2026-04-21 12:52:40.215711,Hydorelectricity Investment and Development Company Ltd
2026042105006554,HIDCL,52,67,133,273.3,36348.9,2026-04-21,187260051,2742,Sundhara Securities Limited,Property Wiard Limited,2026-04-21 12:54:52.349385,Hydorelectricity Investment and Development Company Ltd
2026042105006708,HIDCL,52,51,10,273.3,2733.0,2026-04-21,187261885,2742,Sundhara Securities Limited,Oxford Securities Pvt. Ltd.,2026-04-21 12:57:26.753877,Hydorelectricity Investment and Development Company Ltd
2026042105006728,HIDCL,14,58,44,274.0,12056.0,2026-04-21,187262286,2742,Nepal Stock House (PVT) Ltd.,Naasa Securities Co. Ltd.,2026-04-21 12:58:03.258589,Hydorelectricity Investment and Development Company Ltd
2026042105006802,HIDCL,77,58,23,274.0,6302.0,2026-04-21,187262766,2742,Nabil Stock Dealer Ltd.,Naasa Securities Co. Ltd.,2026-04-21 12:59:00.070703,Hydorelectricity Investment and Development Company Ltd
2026042105006921,HIDCL,52,58,50,274.0,13700.0,2026-04-21,187263874,2742,Sundhara Securities Limited,Naasa Securities Co. Ltd.,2026-04-21 13:01:37.128918,Hydorelectricity Investment and Development Company Ltd
2026042105006954,HIDCL,45,58,162,274.0,44388.0,2026-04-21,187264181,2742,Imperial Securities Company Pvt. Ltd.,Naasa Securities Co. Ltd.,2026-04-21 13:02:14.310445,Hydorelectricity Investment and Development Company Ltd
2026042105006955,HIDCL,45,38,142,274.0,38908.0,2026-04-21,187264184,2742,Imperial Securities Company Pvt. Ltd.,Dipshikha Dhitopatra Karobar Co. Pvt Ltd.,2026-04-21 13:02:14.310694,Hydorelectricity Investment and Development Company Ltd
2026042105007083,HIDCL,45,56,37,274.0,10138.0,2026-04-21,187265626,2742,Imperial Securities Company Pvt. Ltd.,Sri Hari Securities Pvt. Ltd.,2026-04-21 13:04:52.661674,Hydorelectricity Investment and Development Company Ltd
2026042105007169,HIDCL,57,58,100,274.0,27400.0,2026-04-21,187266676,2742,Aryatara Investment & Securities,Naasa Securities Co. Ltd.,2026-04-21 13:06:25.232686,Hydorelectricity Investment and Development Company Ltd
2026042105007342,HIDCL,77,58,15,274.0,4110.0,2026-04-21,187270239,2742,Nabil Stock Dealer Ltd.,Naasa Securities Co. Ltd.,2026-04-21 13:09:17.501386,Hydorelectricity Investment and Development Company Ltd
2026042105007366,HIDCL,77,58,20,274.0,5480.0,2026-04-21,187270567,2742,Nabil Stock Dealer Ltd.,Naasa Securities Co. Ltd.,2026-04-21 13:09:41.204183,Hydorelectricity Investment and Development Company Ltd
2026042105007383,HIDCL,58,58,59,273.5,16136.5,2026-04-21,187270845,2742,Naasa Securities Co. Ltd.,Naasa Securities Co. Ltd.,2026-04-21 13:10:06.636485,Hydorelectricity Investment and Development Company Ltd
2026042105007419,HIDCL,58,34,12,273.5,3282.0,2026-04-21,187271831,2742,Naasa Securities Co. Ltd.,Vision Securities Pvt. Ltd,2026-04-21 13:10:40.021201,Hydorelectricity Investment and Development Company Ltd
2026042105007447,HIDCL,58,1,29,273.5,7931.5,2026-04-21,187272194,2742,Naasa Securities Co. Ltd.,Kumari Securities Private Limited,2026-04-21 13:11:03.397367,Hydorelectricity Investment and Development Company Ltd
2026042105007448,HIDCL,26,1,10,273.4,2734.0,2026-04-21,187272196,2742,Asian Securities Private Ltd.,Kumari Securities Private Limited,2026-04-21 13:11:03.397622,Hydorelectricity Investment and Development Company Ltd
2026042105007449,HIDCL,46,1,33,273.4,9022.2,2026-04-21,187272197,2742,Kalika Securities Pvt. Ltd.,Kumari Securities Private Limited,2026-04-21 13:11:03.397730,Hydorelectricity Investment and Development Company Ltd
2026042105007459,HIDCL,36,58,10,274.0,2740.0,2026-04-21,187272358,2742,Secured Securities Ltd.,Naasa Securities Co. Ltd.,2026-04-21 13:11:16.514215,Hydorelectricity Investment and Development Company Ltd
2026042105007488,HIDCL,36,58,10,274.0,2740.0,2026-04-21,187272732,2742,Secured Securities Ltd.,Naasa Securities Co. Ltd.,2026-04-21 13:12:00.180449,Hydorelectricity Investment and Development Company Ltd
2026042105007490,HIDCL,46,58,15,273.4,4101.0,2026-04-21,187272767,2742,Kalika Securities Pvt. Ltd.,Naasa Securities Co. Ltd.,2026-04-21 13:12:02.987526,Hydorelectricity Investment and Development Company Ltd
2026042105007570,HIDCL,43,58,10,274.5,2745.0,2026-04-21,187273393,2742,South Asian Bulls Pvt. Ltd.,Naasa Securities Co. Ltd.,2026-04-21 13:13:07.266789,Hydorelectricity Investment and Development Company Ltd
2026042105007571,HIDCL,43,16,19,275.0,5225.0,2026-04-21,187273395,2742,South Asian Bulls Pvt. Ltd.,Primo Securities (PVT) Ltd.,2026-04-21 13:13:07.266842,Hydorelectricity Investment and Development Company Ltd
2026042105007572,HIDCL,43,44,151,275.0,41525.0,2026-04-21,187273398,2742,South Asian Bulls Pvt. Ltd.,Dynamic Money Managers Securities Pvt. Ltd.,2026-04-21 13:13:07.266872,Hydorelectricity Investment and Development Company Ltd
2026042105007825,HIDCL,16,58,10,274.1,2741.0,2026-04-21,187276897,2742,Primo Securities (PVT) Ltd.,Naasa Securities Co. Ltd.,2026-04-21 13:19:40.722957,Hydorelectricity Investment and Development Company Ltd
2026042105007853,HIDCL,94,58,10,274.2,2742.0,2026-04-21,187277208,2742,K.B.L. Securities Limited ,Naasa Securities Co. Ltd.,2026-04-21 13:20:05.173927,Hydorelectricity Investment and Development Company Ltd
2026042105007880,HIDCL,94,38,37,274.6,10160.2,2026-04-21,187277308,2742,K.B.L. Securities Limited ,Dipshikha Dhitopatra Karobar Co. Pvt Ltd.,2026-04-21 13:20:15.137011,Hydorelectricity Investment and Development Company Ltd
2026042105007890,HIDCL,16,82,142,274.9,39035.8,2026-04-21,187277369,2742,Primo Securities (PVT) Ltd.,N.M.B. SECURITIES LIMITED,2026-04-21 13:20:28.015573,Hydorelectricity Investment and Development Company Ltd
2026042105008099,HIDCL,58,33,40,274.9,10996.0,2026-04-21,187279320,2742,Naasa Securities Co. Ltd.,Dakshinkali Investment & Securities Pvt. Ltd.,2026-04-21 13:23:55.899151,Hydorelectricity Investment and Development Company Ltd
2026042105008126,HIDCL,94,33,160,274.9,43984.0,2026-04-21,187279752,2742,K.B.L. Securities Limited ,Dakshinkali Investment & Securities Pvt. Ltd.,2026-04-21 13:24:52.723960,Hydorelectricity Investment and Development Company Ltd
2026042105008526,HIDCL,16,35,183,274.1,50160.3,2026-04-21,187282383,2742,Primo Securities (PVT) Ltd.,Kohinoor Investment & Securities Pvt. Ltd.,2026-04-21 13:29:11.154866,Hydorelectricity Investment and Development Company Ltd
2026042105008529,HIDCL,16,6,165,274.1,45226.5,2026-04-21,187282422,2742,Primo Securities (PVT) Ltd.,Agrawal Securities (PVT) Ltd.,2026-04-21 13:29:15.601788,Hydorelectricity Investment and Development Company Ltd
2026042105008530,HIDCL,13,6,835,274.0,228790.0,2026-04-21,187282423,2742,Thrive Brokerage House Pvt. Ltd,Agrawal Securities (PVT) Ltd.,2026-04-21 13:29:15.602075,Hydorelectricity Investment and Development Company Ltd
2026042105008553,HIDCL,13,44,165,275.0,45375.0,2026-04-21,187282782,2742,Thrive Brokerage House Pvt. Ltd,Dynamic Money Managers Securities Pvt. Ltd.,2026-04-21 13:30:03.818721,Hydorelectricity Investment and Development Company Ltd
2026042105008603,HIDCL,4,87,40,274.9,10996.0,2026-04-21,187283125,2742,Opal Securities Investment (PVT) Ltd.,S.P.S.A. Securities Limited,2026-04-21 13:30:36.115032,Hydorelectricity Investment and Development Company Ltd
2026042105008604,HIDCL,4,16,260,275.0,71500.0,2026-04-21,187283128,2742,Opal Securities Investment (PVT) Ltd.,Primo Securities (PVT) Ltd.,2026-04-21 13:30:36.115562,Hydorelectricity Investment and Development Company Ltd
2026042105008623,HIDCL,18,87,10,274.9,2749.0,2026-04-21,187283341,2742,Sagarmatha Securities Private Limited,S.P.S.A. Securities Limited,2026-04-21 13:31:07.511153,Hydorelectricity Investment and Development Company Ltd
2026042105008624,HIDCL,18,16,490,275.0,134750.0,2026-04-21,187283344,2742,Sagarmatha Securities Private Limited,Primo Securities (PVT) Ltd.,2026-04-21 13:31:07.511790,Hydorelectricity Investment and Development Company Ltd
2026042105008682,HIDCL,57,60,200,274.0,54800.0,2026-04-21,187283858,2742,Aryatara Investment & Securities,Nagarik Stock Dealer ,2026-04-21 13:32:10.556976,Hydorelectricity Investment and Development Company Ltd
2026042105008694,HIDCL,17,60,20,274.0,5480.0,2026-04-21,187283990,2742,ABC Securities Private Limited,Nagarik Stock Dealer ,2026-04-21 13:32:28.190880,Hydorelectricity Investment and Development Company Ltd
2026042105008731,HIDCL,94,60,780,274.0,213720.0,2026-04-21,187284310,2742,K.B.L. Securities Limited ,Nagarik Stock Dealer ,2026-04-21 13:33:13.513352,Hydorelectricity Investment and Development Company Ltd
2026042105008931,HIDCL,94,57,62,274.9,17043.8,2026-04-21,187287074,2742,K.B.L. Securities Limited ,Aryatara Investment & Securities,2026-04-21 13:38:11.294244,Hydorelectricity Investment and Development Company Ltd
2026042105009111,HIDCL,35,16,20,275.0,5500.0,2026-04-21,187289228,2742,Kohinoor Investment & Securities Pvt. Ltd.,Primo Securities (PVT) Ltd.,2026-04-21 13:41:43.959102,Hydorelectricity Investment and Development Company Ltd
2026042105009125,HIDCL,10,11,85,274.1,23298.5,2026-04-21,187289462,2742,Pragyan Securities (PVT) Ltd.,Malla & Malla Stock Broking Company Pvt. Limited,2026-04-21 13:41:56.201660,Hydorelectricity Investment and Development Company Ltd
2026042105009126,HIDCL,39,11,20,274.0,5480.0,2026-04-21,187289464,2742,Sumeru Securities Pvt. Ltd.,Malla & Malla Stock Broking Company Pvt. Limited,2026-04-21 13:41:56.201968,Hydorelectricity Investment and Development Company Ltd
2026042105009127,HIDCL,45,11,447,274.0,122478.0,2026-04-21,187289466,2742,Imperial Securities Company Pvt. Ltd.,Malla & Malla Stock Broking Company Pvt. Limited,2026-04-21 13:41:56.202130,Hydorelectricity Investment and Development Company Ltd
2026042105009128,HIDCL,53,11,250,274.0,68500.0,2026-04-21,187289468,2742,Investment Management Nepal Pvt. Ltd.,Malla & Malla Stock Broking Company Pvt. Limited,2026-04-21 13:41:56.202249,Hydorelectricity Investment and Development Company Ltd
2026042105009129,HIDCL,36,11,30,274.0,8220.0,2026-04-21,187289470,2742,Secured Securities Ltd.,Malla & Malla Stock Broking Company Pvt. Limited,2026-04-21 13:41:56.202369,Hydorelectricity Investment and Development Company Ltd
2026042105009130,HIDCL,58,11,150,274.0,41100.0,2026-04-21,187289472,2742,Naasa Securities Co. Ltd.,Malla & Malla Stock Broking Company Pvt. Limited,2026-04-21 13:41:56.202482,Hydorelectricity Investment and Development Company Ltd
2026042105009174,HIDCL,4,11,135,274.0,36990.0,2026-04-21,187289809,2742,Opal Securities Investment (PVT) Ltd.,Malla & Malla Stock Broking Company Pvt. Limited,2026-04-21 13:42:44.531829,Hydorelectricity Investment and Development Company Ltd
2026042105009175,HIDCL,4,16,230,275.0,63250.0,2026-04-21,187289811,2742,Opal Securities Investment (PVT) Ltd.,Primo Securities (PVT) Ltd.,2026-04-21 13:42:44.532391,Hydorelectricity Investment and Development Company Ltd
2026042105009176,HIDCL,4,14,50,275.0,13750.0,2026-04-21,187289813,2742,Opal Securities Investment (PVT) Ltd.,Nepal Stock House (PVT) Ltd.,2026-04-21 13:42:44.532732,Hydorelectricity Investment and Development Company Ltd
2026042105009177,HIDCL,4,56,177,275.0,48675.0,2026-04-21,187289815,2742,Opal Securities Investment (PVT) Ltd.,Sri Hari Securities Pvt. Ltd.,2026-04-21 13:42:44.533049,Hydorelectricity Investment and Development Company Ltd
2026042105009315,HIDCL,4,58,37,275.0,10175.0,2026-04-21,187291009,2742,Opal Securities Investment (PVT) Ltd.,Naasa Securities Co. Ltd.,2026-04-21 13:45:10.327987,Hydorelectricity Investment and Development Company Ltd
2026042105009337,HIDCL,1,13,1,266.8,266.8,2026-04-21,187291283,2742,Kumari Securities Private Limited,Thrive Brokerage House Pvt. Ltd,2026-04-21 13:45:41.597050,Hydorelectricity Investment and Development Company Ltd
2026042105009362,HIDCL,1,44,2,266.8,533.6,2026-04-21,187291367,2742,Kumari Securities Private Limited,Dynamic Money Managers Securities Pvt. Ltd.,2026-04-21 13:45:50.270728,Hydorelectricity Investment and Development Company Ltd
2026042105009381,HIDCL,79,10,10,276.0,2760.0,2026-04-21,187291720,2742,pahiinvestment,Pragyan Securities (PVT) Ltd.,2026-04-21 13:46:36.729364,Hydorelectricity Investment and Development Company Ltd
2026042105009517,HIDCL,94,10,90,276.0,24840.0,2026-04-21,187292779,2742,K.B.L. Securities Limited ,Pragyan Securities (PVT) Ltd.,2026-04-21 13:48:39.756468,Hydorelectricity Investment and Development Company Ltd
2026042105009518,HIDCL,94,21,30,276.0,8280.0,2026-04-21,187292781,2742,K.B.L. Securities Limited ,Midas Stock Broking Company Private Limited,2026-04-21 13:48:39.756781,Hydorelectricity Investment and Development Company Ltd
2026042105009519,HIDCL,94,19,2000,276.0,552000.0,2026-04-21,187292783,2742,K.B.L. Securities Limited ,Nepal Investment And Securities Trading Private Limited,2026-04-21 13:48:39.756912,Hydorelectricity Investment and Development Company Ltd
2026042105009520,HIDCL,94,39,500,276.0,138000.0,2026-04-21,187292785,2742,K.B.L. Securities Limited ,Sumeru Securities Pvt. Ltd.,2026-04-21 13:48:39.757028,Hydorelectricity Investment and Development Company Ltd
2026042105009521,HIDCL,94,58,37,276.0,10212.0,2026-04-21,187292787,2742,K.B.L. Securities Limited ,Naasa Securities Co. Ltd.,2026-04-21 13:48:39.757160,Hydorelectricity Investment and Development Company Ltd
2026042105009522,HIDCL,94,29,500,276.0,138000.0,2026-04-21,187292790,2742,K.B.L. Securities Limited ,Trisul Securities & Invt. Ltd.,2026-04-21 13:48:39.757288,Hydorelectricity Investment and Development Company Ltd
2026042105009832,HIDCL,25,65,1,273.5,273.5,2026-04-21,187295453,2742,Sweta Securities Private Limited,Sharepro Securities Private Limited,2026-04-21 13:53:38.116812,Hydorelectricity Investment and Development Company Ltd
2026042105009880,HIDCL,94,26,500,276.0,138000.0,2026-04-21,187295870,2742,K.B.L. Securities Limited ,Asian Securities Private Ltd.,2026-04-21 13:54:30.145400,Hydorelectricity Investment and Development Company Ltd
2026042105010217,HIDCL,68,45,10,276.7,2767.0,2026-04-21,187299294,2742,Elite Stock House Limited,Imperial Securities Company Pvt. Ltd.,2026-04-21 13:59:46.846636,Hydorelectricity Investment and Development Company Ltd
2026042105010397,HIDCL,1,99,50,275.9,13795.0,2026-04-21,187301280,2742,Kumari Securities Private Limited,Prabhu Stock Market Limited,2026-04-21 14:03:14.337674,Hydorelectricity Investment and Development Company Ltd
2026042105010413,HIDCL,59,91,37,275.1,10178.7,2026-04-21,187301562,2742,Deevyaa Securities & Stock House Pvt. Ltd,Citizens Share Broker Limited,2026-04-21 14:03:41.213043,Hydorelectricity Investment and Development Company Ltd
2026042105010414,HIDCL,4,91,371,275.0,102025.0,2026-04-21,187301564,2742,Opal Securities Investment (PVT) Ltd.,Citizens Share Broker Limited,2026-04-21 14:03:41.213647,Hydorelectricity Investment and Development Company Ltd
2026042105010415,HIDCL,4,91,618,275.0,169950.0,2026-04-21,187301566,2742,Opal Securities Investment (PVT) Ltd.,Citizens Share Broker Limited,2026-04-21 14:03:41.214010,Hydorelectricity Investment and Development Company Ltd
2026042105010416,HIDCL,17,91,500,275.0,137500.0,2026-04-21,187301568,2742,ABC Securities Private Limited,Citizens Share Broker Limited,2026-04-21 14:03:41.214399,Hydorelectricity Investment and Development Company Ltd
2026042105010470,HIDCL,94,91,500,275.0,137500.0,2026-04-21,187301944,2742,K.B.L. Securities Limited ,Citizens Share Broker Limited,2026-04-21 14:04:19.841822,Hydorelectricity Investment and Development Company Ltd
2026042105010495,HIDCL,28,38,2,267.0,534.0,2026-04-21,187302161,2742,Shree Krishna Securities Ltd.,Dipshikha Dhitopatra Karobar Co. Pvt Ltd.,2026-04-21 14:04:40.285225,Hydorelectricity Investment and Development Company Ltd
2026042105010562,HIDCL,42,53,100,274.0,27400.0,2026-04-21,187302826,2742,Sani Securities Company Ltd.,Investment Management Nepal Pvt. Ltd.,2026-04-21 14:05:36.768102,Hydorelectricity Investment and Development Company Ltd
2026042105010563,HIDCL,41,53,100,273.9,27390.0,2026-04-21,187302827,2742,Linch Stock Market Ltd.,Investment Management Nepal Pvt. Ltd.,2026-04-21 14:05:36.768204,Hydorelectricity Investment and Development Company Ltd
2026042105010576,HIDCL,54,59,55,273.8,15059.0,2026-04-21,187302954,2742,Sewa Securities Pvt. Ltd.,Deevyaa Securities & Stock House Pvt. Ltd,2026-04-21 14:05:48.843373,Hydorelectricity Investment and Development Company Ltd
2026042105010577,HIDCL,38,59,25,273.7,6842.5,2026-04-21,187302956,2742,Dipshikha Dhitopatra Karobar Co. Pvt Ltd.,Deevyaa Securities & Stock House Pvt. Ltd,2026-04-21 14:05:48.843685,Hydorelectricity Investment and Development Company Ltd
2026042105010578,HIDCL,42,59,120,273.7,32844.0,2026-04-21,187302957,2742,Sani Securities Company Ltd.,Deevyaa Securities & Stock House Pvt. Ltd,2026-04-21 14:05:48.843804,Hydorelectricity Investment and Development Company Ltd
2026042105010640,HIDCL,14,91,50,275.0,13750.0,2026-04-21,187303466,2742,Nepal Stock House (PVT) Ltd.,Citizens Share Broker Limited,2026-04-21 14:06:37.279859,Hydorelectricity Investment and Development Company Ltd
2026042105010645,HIDCL,94,91,36,275.0,9900.0,2026-04-21,187303553,2742,K.B.L. Securities Limited ,Citizens Share Broker Limited,2026-04-21 14:06:48.970573,Hydorelectricity Investment and Development Company Ltd
2026042105010646,HIDCL,94,33,200,275.0,55000.0,2026-04-21,187303555,2742,K.B.L. Securities Limited ,Dakshinkali Investment & Securities Pvt. Ltd.,2026-04-21 14:06:48.971128,Hydorelectricity Investment and Development Company Ltd
2026042105010647,HIDCL,94,45,464,275.0,127600.0,2026-04-21,187303558,2742,K.B.L. Securities Limited ,Imperial Securities Company Pvt. Ltd.,2026-04-21 14:06:48.971493,Hydorelectricity Investment and Development Company Ltd
2026042105010654,HIDCL,35,45,26,275.0,7150.0,2026-04-21,187303723,2742,Kohinoor Investment & Securities Pvt. Ltd.,Imperial Securities Company Pvt. Ltd.,2026-04-21 14:07:00.102150,Hydorelectricity Investment and Development Company Ltd
2026042105010748,HIDCL,35,99,200,275.0,55000.0,2026-04-21,187305039,2742,Kohinoor Investment & Securities Pvt. Ltd.,Prabhu Stock Market Limited,2026-04-21 14:08:59.644921,Hydorelectricity Investment and Development Company Ltd
2026042105010802,HIDCL,35,99,74,275.0,20350.0,2026-04-21,187305504,2742,Kohinoor Investment & Securities Pvt. Ltd.,Prabhu Stock Market Limited,2026-04-21 14:09:42.368578,Hydorelectricity Investment and Development Company Ltd
2026042105010813,HIDCL,58,36,1,277.0,277.0,2026-04-21,187305585,2742,Naasa Securities Co. Ltd.,Secured Securities Ltd.,2026-04-21 14:09:49.056415,Hydorelectricity Investment and Development Company Ltd
2026042105010858,HIDCL,94,52,141,274.0,38634.0,2026-04-21,187306052,2742,K.B.L. Securities Limited ,Sundhara Securities Limited,2026-04-21 14:10:40.081175,Hydorelectricity Investment and Development Company Ltd
2026042105011025,HIDCL,1,54,1,267.0,267.0,2026-04-21,187307693,2742,Kumari Securities Private Limited,Sewa Securities Pvt. Ltd.,2026-04-21 14:13:18.239392,Hydorelectricity Investment and Development Company Ltd
2026042105011108,HIDCL,42,11,50,273.7,13685.0,2026-04-21,187308625,2742,Sani Securities Company Ltd.,Malla & Malla Stock Broking Company Pvt. Limited,2026-04-21 14:14:36.208212,Hydorelectricity Investment and Development Company Ltd
2026042105011192,HIDCL,94,45,18,274.0,4932.0,2026-04-21,187309412,2742,K.B.L. Securities Limited ,Imperial Securities Company Pvt. Ltd.,2026-04-21 14:15:46.737447,Hydorelectricity Investment and Development Company Ltd
2026042105011217,HIDCL,42,19,30,273.7,8211.0,2026-04-21,187309796,2742,Sani Securities Company Ltd.,Nepal Investment And Securities Trading Private Limited,2026-04-21 14:16:25.131985,Hydorelectricity Investment and Development Company Ltd
2026042105011218,HIDCL,29,19,100,273.7,27370.0,2026-04-21,187309797,2742,Trisul Securities & Invt. Ltd.,Nepal Investment And Securities Trading Private Limited,2026-04-21 14:16:25.132319,Hydorelectricity Investment and Development Company Ltd
2026042105011241,HIDCL,1,58,20,273.5,5470.0,2026-04-21,187309921,2742,Kumari Securities Private Limited,Naasa Securities Co. Ltd.,2026-04-21 14:16:35.420014,Hydorelectricity Investment and Development Company Ltd
2026042105011494,HIDCL,94,4,1000,273.6,273600.0,2026-04-21,187312235,2742,K.B.L. Securities Limited ,Opal Securities Investment (PVT) Ltd.,2026-04-21 14:19:27.130625,Hydorelectricity Investment and Development Company Ltd
2026042105011598,HIDCL,94,34,2000,273.6,547200.0,2026-04-21,187313176,2742,K.B.L. Securities Limited ,Vision Securities Pvt. Ltd,2026-04-21 14:20:32.691646,Hydorelectricity Investment and Development Company Ltd
2026042105011599,HIDCL,1,34,980,273.5,268030.0,2026-04-21,187313178,2742,Kumari Securities Private Limited,Vision Securities Pvt. Ltd,2026-04-21 14:20:32.691995,Hydorelectricity Investment and Development Company Ltd
2026042105011600,HIDCL,89,34,10,273.5,2735.0,2026-04-21,187313180,2742,Global IME Securities Limited,Vision Securities Pvt. Ltd,2026-04-21 14:20:32.692128,Hydorelectricity Investment and Development Company Ltd
2026042105011601,HIDCL,46,34,452,273.4,123576.8,2026-04-21,187313182,2742,Kalika Securities Pvt. Ltd.,Vision Securities Pvt. Ltd,2026-04-21 14:20:32.692255,Hydorelectricity Investment and Development Company Ltd
2026042105011602,HIDCL,14,34,20,273.4,5468.0,2026-04-21,187313184,2742,Nepal Stock House (PVT) Ltd.,Vision Securities Pvt. Ltd,2026-04-21 14:20:32.692385,Hydorelectricity Investment and Development Company Ltd
2026042105011603,HIDCL,52,34,219,273.3,59852.7,2026-04-21,187313186,2742,Sundhara Securities Limited,Vision Securities Pvt. Ltd,2026-04-21 14:20:32.692498,Hydorelectricity Investment and Development Company Ltd
2026042105011604,HIDCL,14,34,20,273.2,5464.0,2026-04-21,187313188,2742,Nepal Stock House (PVT) Ltd.,Vision Securities Pvt. Ltd,2026-04-21 14:20:32.692631,Hydorelectricity Investment and Development Company Ltd
2026042105011605,HIDCL,52,34,1000,273.2,273200.0,2026-04-21,187313190,2742,Sundhara Securities Limited,Vision Securities Pvt. Ltd,2026-04-21 14:20:32.692753,Hydorelectricity Investment and Development Company Ltd
2026042105011606,HIDCL,56,34,200,273.1,54620.0,2026-04-21,187313192,2742,Sri Hari Securities Pvt. Ltd.,Vision Securities Pvt. Ltd,2026-04-21 14:20:32.692877,Hydorelectricity Investment and Development Company Ltd
2026042105011607,HIDCL,45,34,500,273.1,136550.0,2026-04-21,187313194,2742,Imperial Securities Company Pvt. Ltd.,Vision Securities Pvt. Ltd,2026-04-21 14:20:32.693004,Hydorelectricity Investment and Development Company Ltd
2026042105011608,HIDCL,64,34,489,273.0,133497.0,2026-04-21,187313196,2742,SUN SECURITIES PVT LTD,Vision Securities Pvt. Ltd,2026-04-21 14:20:32.693155,Hydorelectricity Investment and Development Company Ltd
2026042105011609,HIDCL,59,34,300,273.0,81900.0,2026-04-21,187313198,2742,Deevyaa Securities & Stock House Pvt. Ltd,Vision Securities Pvt. Ltd,2026-04-21 14:20:32.693274,Hydorelectricity Investment and Development Company Ltd
2026042105011610,HIDCL,13,34,100,273.0,27300.0,2026-04-21,187313200,2742,Thrive Brokerage House Pvt. Ltd,Vision Securities Pvt. Ltd,2026-04-21 14:20:32.693404,Hydorelectricity Investment and Development Company Ltd
2026042105011611,HIDCL,44,34,50,273.0,13650.0,2026-04-21,187313202,2742,Dynamic Money Managers Securities Pvt. Ltd.,Vision Securities Pvt. Ltd,2026-04-21 14:20:32.693528,Hydorelectricity Investment and Development Company Ltd
2026042105011612,HIDCL,48,34,99,273.0,27027.0,2026-04-21,187313204,2742,Trishakti Securities Public Limited,Vision Securities Pvt. Ltd,2026-04-21 14:20:32.693673,Hydorelectricity Investment and Development Company Ltd
2026042105011613,HIDCL,35,34,10,273.0,2730.0,2026-04-21,187313206,2742,Kohinoor Investment & Securities Pvt. Ltd.,Vision Securities Pvt. Ltd,2026-04-21 14:20:32.693793,Hydorelectricity Investment and Development Company Ltd
2026042105011614,HIDCL,29,34,109,273.0,29757.0,2026-04-21,187313208,2742,Trisul Securities & Invt. Ltd.,Vision Securities Pvt. Ltd,2026-04-21 14:20:32.693931,Hydorelectricity Investment and Development Company Ltd
2026042105011615,HIDCL,4,34,74,273.0,20202.0,2026-04-21,187313210,2742,Opal Securities Investment (PVT) Ltd.,Vision Securities Pvt. Ltd,2026-04-21 14:20:32.694101,Hydorelectricity Investment and Development Company Ltd
2026042105011616,HIDCL,59,34,18,273.0,4914.0,2026-04-21,187313212,2742,Deevyaa Securities & Stock House Pvt. Ltd,Vision Securities Pvt. Ltd,2026-04-21 14:20:32.694264,Hydorelectricity Investment and Development Company Ltd
2026042105011617,HIDCL,49,34,350,273.0,95550.0,2026-04-21,187313213,2742,Online Securities Pvt. Ltd.,Vision Securities Pvt. Ltd,2026-04-21 14:20:32.694446,Hydorelectricity Investment and Development Company Ltd
2026042105011707,HIDCL,49,60,150,273.0,40950.0,2026-04-21,187313402,2742,Online Securities Pvt. Ltd.,Nagarik Stock Dealer ,2026-04-21 14:20:35.552543,Hydorelectricity Investment and Development Company Ltd
2026042105011708,HIDCL,10,60,200,273.0,54600.0,2026-04-21,187313404,2742,Pragyan Securities (PVT) Ltd.,Nagarik Stock Dealer ,2026-04-21 14:20:35.553078,Hydorelectricity Investment and Development Company Ltd
2026042105011709,HIDCL,38,60,500,273.0,136500.0,2026-04-21,187313406,2742,Dipshikha Dhitopatra Karobar Co. Pvt Ltd.,Nagarik Stock Dealer ,2026-04-21 14:20:35.553474,Hydorelectricity Investment and Development Company Ltd
2026042105011710,HIDCL,77,60,100,273.0,27300.0,2026-04-21,187313408,2742,Nabil Stock Dealer Ltd.,Nagarik Stock Dealer ,2026-04-21 14:20:35.553839,Hydorelectricity Investment and Development Company Ltd
2026042105011711,HIDCL,16,60,50,273.0,13650.0,2026-04-21,187313409,2742,Primo Securities (PVT) Ltd.,Nagarik Stock Dealer ,2026-04-21 14:20:35.554190,Hydorelectricity Investment and Development Company Ltd
2026042105011804,HIDCL,16,47,90,273.0,24570.0,2026-04-21,187314310,2742,Primo Securities (PVT) Ltd.,Neev Securities Pvt. Ltd.,2026-04-21 14:21:32.342908,Hydorelectricity Investment and Development Company Ltd
2026042105011805,HIDCL,40,47,10,273.0,2730.0,2026-04-21,187314311,2742,Creative Securities Pvt Ltd,Neev Securities Pvt. Ltd.,2026-04-21 14:21:32.343243,Hydorelectricity Investment and Development Company Ltd
2026042105011864,HIDCL,41,37,10,274.8,2748.0,2026-04-21,187314786,2742,Linch Stock Market Ltd.,Swarna Laxmi Securities Pvt. Ltd.,2026-04-21 14:21:57.509306,Hydorelectricity Investment and Development Company Ltd
2026042105012040,HIDCL,40,37,240,273.0,65520.0,2026-04-21,187316576,2742,Creative Securities Pvt Ltd,Swarna Laxmi Securities Pvt. Ltd.,2026-04-21 14:24:01.973157,Hydorelectricity Investment and Development Company Ltd
2026042105012041,HIDCL,65,37,160,273.0,43680.0,2026-04-21,187316577,2742,Sharepro Securities Private Limited,Swarna Laxmi Securities Pvt. Ltd.,2026-04-21 14:24:01.973463,Hydorelectricity Investment and Development Company Ltd
2026042105012102,HIDCL,1,39,7,265.0,1855.0,2026-04-21,187317419,2742,Kumari Securities Private Limited,Sumeru Securities Pvt. Ltd.,2026-04-21 14:24:42.901908,Hydorelectricity Investment and Development Company Ltd
2026042105012115,HIDCL,28,44,2,265.0,530.0,2026-04-21,187317537,2742,Shree Krishna Securities Ltd.,Dynamic Money Managers Securities Pvt. Ltd.,2026-04-21 14:24:50.846160,Hydorelectricity Investment and Development Company Ltd
2026042105012338,HIDCL,94,37,990,273.1,270369.0,2026-04-21,187319239,2742,K.B.L. Securities Limited ,Swarna Laxmi Securities Pvt. Ltd.,2026-04-21 14:26:02.938899,Hydorelectricity Investment and Development Company Ltd
2026042105012357,HIDCL,1,35,1,265.3,265.3,2026-04-21,187319385,2742,Kumari Securities Private Limited,Kohinoor Investment & Securities Pvt. Ltd.,2026-04-21 14:26:13.990217,Hydorelectricity Investment and Development Company Ltd
2026042105012412,HIDCL,94,56,105,273.1,28675.5,2026-04-21,187319775,2742,K.B.L. Securities Limited ,Sri Hari Securities Pvt. Ltd.,2026-04-21 14:26:34.944747,Hydorelectricity Investment and Development Company Ltd
2026042105012505,HIDCL,50,4,140,273.7,38318.0,2026-04-21,187320964,2742,Cristal Kanchanjanga Securites Pvt. Ltd.,Opal Securities Investment (PVT) Ltd.,2026-04-21 14:28:01.767336,Hydorelectricity Investment and Development Company Ltd
2026042105012506,HIDCL,94,4,860,273.1,234866.0,2026-04-21,187320965,2742,K.B.L. Securities Limited ,Opal Securities Investment (PVT) Ltd.,2026-04-21 14:28:01.767633,Hydorelectricity Investment and Development Company Ltd
2026042105012572,HIDCL,94,4,1000,273.3,273300.0,2026-04-21,187322021,2742,K.B.L. Securities Limited ,Opal Securities Investment (PVT) Ltd.,2026-04-21 14:28:49.970941,Hydorelectricity Investment and Development Company Ltd
2026042105012817,HIDCL,94,37,45,273.3,12298.5,2026-04-21,187324420,2742,K.B.L. Securities Limited ,Swarna Laxmi Securities Pvt. Ltd.,2026-04-21 14:30:52.849593,Hydorelectricity Investment and Development Company Ltd
2026042105012818,HIDCL,74,37,355,273.2,96986.0,2026-04-21,187324421,2742,KALASH STOCK MARKET PVT. LTD.,Swarna Laxmi Securities Pvt. Ltd.,2026-04-21 14:30:52.850255,Hydorelectricity Investment and Development Company Ltd
2026042105013275,HIDCL,74,58,15,273.2,4098.0,2026-04-21,187328097,2742,KALASH STOCK MARKET PVT. LTD.,Naasa Securities Co. Ltd.,2026-04-21 14:34:25.300521,Hydorelectricity Investment and Development Company Ltd
2026042105013317,HIDCL,74,44,10,273.2,2732.0,2026-04-21,187328545,2742,KALASH STOCK MARKET PVT. LTD.,Dynamic Money Managers Securities Pvt. Ltd.,2026-04-21 14:34:49.590523,Hydorelectricity Investment and Development Company Ltd
2026042105013353,HIDCL,74,58,84,273.2,22948.8,2026-04-21,187328965,2742,KALASH STOCK MARKET PVT. LTD.,Naasa Securities Co. Ltd.,2026-04-21 14:35:20.832909,Hydorelectricity Investment and Development Company Ltd
2026042105014008,HIDCL,42,44,18,273.5,4923.0,2026-04-21,187333610,2742,Sani Securities Company Ltd.,Dynamic Money Managers Securities Pvt. Ltd.,2026-04-21 14:39:33.587927,Hydorelectricity Investment and Development Company Ltd
2026042105014009,HIDCL,74,44,131,273.2,35789.2,2026-04-21,187333612,2742,KALASH STOCK MARKET PVT. LTD.,Dynamic Money Managers Securities Pvt. Ltd.,2026-04-21 14:39:33.588530,Hydorelectricity Investment and Development Company Ltd
2026042105014010,HIDCL,58,44,100,273.0,27300.0,2026-04-21,187333614,2742,Naasa Securities Co. Ltd.,Dynamic Money Managers Securities Pvt. Ltd.,2026-04-21 14:39:33.588887,Hydorelectricity Investment and Development Company Ltd
2026042105014011,HIDCL,64,44,58,273.0,15834.0,2026-04-21,187333616,2742,SUN SECURITIES PVT LTD,Dynamic Money Managers Securities Pvt. Ltd.,2026-04-21 14:39:33.589250,Hydorelectricity Investment and Development Company Ltd
2026042105014012,HIDCL,32,44,193,272.3,52553.9,2026-04-21,187333618,2742,Premier Securities Company Ltd.,Dynamic Money Managers Securities Pvt. Ltd.,2026-04-21 14:39:33.589630,Hydorelectricity Investment and Development Company Ltd
2026042105014013,HIDCL,58,44,20,272.3,5446.0,2026-04-21,187333620,2742,Naasa Securities Co. Ltd.,Dynamic Money Managers Securities Pvt. Ltd.,2026-04-21 14:39:33.590001,Hydorelectricity Investment and Development Company Ltd
2026042105014014,HIDCL,40,44,500,272.1,136050.0,2026-04-21,187333622,2742,Creative Securities Pvt Ltd,Dynamic Money Managers Securities Pvt. Ltd.,2026-04-21 14:39:33.590379,Hydorelectricity Investment and Development Company Ltd
2026042105014015,HIDCL,45,44,500,272.1,136050.0,2026-04-21,187333624,2742,Imperial Securities Company Pvt. Ltd.,Dynamic Money Managers Securities Pvt. Ltd.,2026-04-21 14:39:33.590737,Hydorelectricity Investment and Development Company Ltd
2026042105014016,HIDCL,44,44,200,272.0,54400.0,2026-04-21,187333626,2742,Dynamic Money Managers Securities Pvt. Ltd.,Dynamic Money Managers Securities Pvt. Ltd.,2026-04-21 14:39:33.591096,Hydorelectricity Investment and Development Company Ltd
2026042105014017,HIDCL,34,44,50,272.0,13600.0,2026-04-21,187333628,2742,Vision Securities Pvt. Ltd,Dynamic Money Managers Securities Pvt. Ltd.,2026-04-21 14:39:33.591458,Hydorelectricity Investment and Development Company Ltd
2026042105014018,HIDCL,59,44,1530,272.0,416160.0,2026-04-21,187333629,2742,Deevyaa Securities & Stock House Pvt. Ltd,Dynamic Money Managers Securities Pvt. Ltd.,2026-04-21 14:39:33.591798,Hydorelectricity Investment and Development Company Ltd
2026042105014169,HIDCL,1,42,1,264.0,264.0,2026-04-21,187334835,2742,Kumari Securities Private Limited,Sani Securities Company Ltd.,2026-04-21 14:40:43.296870,Hydorelectricity Investment and Development Company Ltd
2026042105014259,HIDCL,1,7,1,268.0,268.0,2026-04-21,187335947,2742,Kumari Securities Private Limited,J.F. Securites (PVT) Ltd.,2026-04-21 14:41:35.584855,Hydorelectricity Investment and Development Company Ltd
2026042105014321,HIDCL,28,11,22,272.5,5995.0,2026-04-21,187336361,2742,Shree Krishna Securities Ltd.,Malla & Malla Stock Broking Company Pvt. Limited,2026-04-21 14:41:55.216381,Hydorelectricity Investment and Development Company Ltd
2026042105014354,HIDCL,28,21,28,272.5,7630.0,2026-04-21,187336530,2742,Shree Krishna Securities Ltd.,Midas Stock Broking Company Private Limited,2026-04-21 14:42:03.567945,Hydorelectricity Investment and Development Company Ltd
2026042105014355,HIDCL,58,21,40,272.5,10900.0,2026-04-21,187336532,2742,Naasa Securities Co. Ltd.,Midas Stock Broking Company Private Limited,2026-04-21 14:42:03.568515,Hydorelectricity Investment and Development Company Ltd
2026042105014356,HIDCL,59,21,132,272.0,35904.0,2026-04-21,187336533,2742,Deevyaa Securities & Stock House Pvt. Ltd,Midas Stock Broking Company Private Limited,2026-04-21 14:42:03.568910,Hydorelectricity Investment and Development Company Ltd
2026042105014467,HIDCL,1,49,2,265.0,530.0,2026-04-21,187337701,2742,Kumari Securities Private Limited,Online Securities Pvt. Ltd.,2026-04-21 14:42:55.761973,Hydorelectricity Investment and Development Company Ltd
2026042105014670,HIDCL,59,34,10,272.0,2720.0,2026-04-21,187339261,2742,Deevyaa Securities & Stock House Pvt. Ltd,Vision Securities Pvt. Ltd,2026-04-21 14:43:52.379171,Hydorelectricity Investment and Development Company Ltd
2026042105014910,HIDCL,94,49,500,273.8,136900.0,2026-04-21,187340829,2742,K.B.L. Securities Limited ,Online Securities Pvt. Ltd.,2026-04-21 14:44:53.747689,Hydorelectricity Investment and Development Company Ltd
2026042105014911,HIDCL,94,57,700,273.8,191660.0,2026-04-21,187340832,2742,K.B.L. Securities Limited ,Aryatara Investment & Securities,2026-04-21 14:44:53.748255,Hydorelectricity Investment and Development Company Ltd
2026042105015358,HIDCL,58,58,50,273.0,13650.0,2026-04-21,187344972,2742,Naasa Securities Co. Ltd.,Naasa Securities Co. Ltd.,2026-04-21 14:47:29.336816,Hydorelectricity Investment and Development Company Ltd
2026042105015359,HIDCL,59,58,50,272.5,13625.0,2026-04-21,187344974,2742,Deevyaa Securities & Stock House Pvt. Ltd,Naasa Securities Co. Ltd.,2026-04-21 14:47:29.337116,Hydorelectricity Investment and Development Company Ltd
2026042105015360,HIDCL,45,58,181,272.1,49250.1,2026-04-21,187344976,2742,Imperial Securities Company Pvt. Ltd.,Naasa Securities Co. Ltd.,2026-04-21 14:47:29.337239,Hydorelectricity Investment and Development Company Ltd
2026042105015361,HIDCL,53,58,220,272.1,59862.0,2026-04-21,187344978,2742,Investment Management Nepal Pvt. Ltd.,Naasa Securities Co. Ltd.,2026-04-21 14:47:29.337372,Hydorelectricity Investment and Development Company Ltd
2026042105015362,HIDCL,59,58,499,272.0,135728.0,2026-04-21,187344979,2742,Deevyaa Securities & Stock House Pvt. Ltd,Naasa Securities Co. Ltd.,2026-04-21 14:47:29.337492,Hydorelectricity Investment and Development Company Ltd
2026042105015471,HIDCL,59,44,829,272.0,225488.0,2026-04-21,187345826,2742,Deevyaa Securities & Stock House Pvt. Ltd,Dynamic Money Managers Securities Pvt. Ltd.,2026-04-21 14:48:04.514293,Hydorelectricity Investment and Development Company Ltd
2026042105015472,HIDCL,11,44,50,272.0,13600.0,2026-04-21,187345828,2742,Malla & Malla Stock Broking Company Pvt. Limited,Dynamic Money Managers Securities Pvt. Ltd.,2026-04-21 14:48:04.514611,Hydorelectricity Investment and Development Company Ltd
2026042105015473,HIDCL,45,44,100,272.0,27200.0,2026-04-21,187345830,2742,Imperial Securities Company Pvt. Ltd.,Dynamic Money Managers Securities Pvt. Ltd.,2026-04-21 14:48:04.514739,Hydorelectricity Investment and Development Company Ltd
2026042105015474,HIDCL,34,44,500,272.0,136000.0,2026-04-21,187345832,2742,Vision Securities Pvt. Ltd,Dynamic Money Managers Securities Pvt. Ltd.,2026-04-21 14:48:04.514860,Hydorelectricity Investment and Development Company Ltd
2026042105015475,HIDCL,16,44,110,272.0,29920.0,2026-04-21,187345834,2742,Primo Securities (PVT) Ltd.,Dynamic Money Managers Securities Pvt. Ltd.,2026-04-21 14:48:04.515017,Hydorelectricity Investment and Development Company Ltd
2026042105015476,HIDCL,13,44,50,272.0,13600.0,2026-04-21,187345836,2742,Thrive Brokerage House Pvt. Ltd,Dynamic Money Managers Securities Pvt. Ltd.,2026-04-21 14:48:04.515152,Hydorelectricity Investment and Development Company Ltd
2026042105015477,HIDCL,53,44,100,272.0,27200.0,2026-04-21,187345838,2742,Investment Management Nepal Pvt. Ltd.,Dynamic Money Managers Securities Pvt. Ltd.,2026-04-21 14:48:04.515273,Hydorelectricity Investment and Development Company Ltd
2026042105015478,HIDCL,42,44,500,272.0,136000.0,2026-04-21,187345840,2742,Sani Securities Company Ltd.,Dynamic Money Managers Securities Pvt. Ltd.,2026-04-21 14:48:04.515419,Hydorelectricity Investment and Development Company Ltd
2026042105015479,HIDCL,42,44,101,272.0,27472.0,2026-04-21,187345842,2742,Sani Securities Company Ltd.,Dynamic Money Managers Securities Pvt. Ltd.,2026-04-21 14:48:04.515547,Hydorelectricity Investment and Development Company Ltd
2026042105015480,HIDCL,58,44,350,272.0,95200.0,2026-04-21,187345844,2742,Naasa Securities Co. Ltd.,Dynamic Money Managers Securities Pvt. Ltd.,2026-04-21 14:48:04.515670,Hydorelectricity Investment and Development Company Ltd
2026042105015481,HIDCL,58,44,100,272.0,27200.0,2026-04-21,187345846,2742,Naasa Securities Co. Ltd.,Dynamic Money Managers Securities Pvt. Ltd.,2026-04-21 14:48:04.515802,Hydorelectricity Investment and Development Company Ltd
2026042105015482,HIDCL,49,44,343,272.0,93296.0,2026-04-21,187345848,2742,Online Securities Pvt. Ltd.,Dynamic Money Managers Securities Pvt. Ltd.,2026-04-21 14:48:04.515925,Hydorelectricity Investment and Development Company Ltd
2026042105015483,HIDCL,42,44,100,272.0,27200.0,2026-04-21,187345850,2742,Sani Securities Company Ltd.,Dynamic Money Managers Securities Pvt. Ltd.,2026-04-21 14:48:04.516038,Hydorelectricity Investment and Development Company Ltd
2026042105015484,HIDCL,32,44,250,272.0,68000.0,2026-04-21,187345852,2742,Premier Securities Company Ltd.,Dynamic Money Managers Securities Pvt. Ltd.,2026-04-21 14:48:04.516150,Hydorelectricity Investment and Development Company Ltd
2026042105015485,HIDCL,44,44,175,272.0,47600.0,2026-04-21,187345854,2742,Dynamic Money Managers Securities Pvt. Ltd.,Dynamic Money Managers Securities Pvt. Ltd.,2026-04-21 14:48:04.516301,Hydorelectricity Investment and Development Company Ltd
2026042105015486,HIDCL,44,44,200,272.0,54400.0,2026-04-21,187345856,2742,Dynamic Money Managers Securities Pvt. Ltd.,Dynamic Money Managers Securities Pvt. Ltd.,2026-04-21 14:48:04.516453,Hydorelectricity Investment and Development Company Ltd
2026042105015487,HIDCL,38,44,200,272.0,54400.0,2026-04-21,187345858,2742,Dipshikha Dhitopatra Karobar Co. Pvt Ltd.,Dynamic Money Managers Securities Pvt. Ltd.,2026-04-21 14:48:04.516572,Hydorelectricity Investment and Development Company Ltd
2026042105015488,HIDCL,45,44,80,272.0,21760.0,2026-04-21,187345859,2742,Imperial Securities Company Pvt. Ltd.,Dynamic Money Managers Securities Pvt. Ltd.,2026-04-21 14:48:04.516704,Hydorelectricity Investment and Development Company Ltd
2026042105015641,HIDCL,54,14,50,272.0,13600.0,2026-04-21,187347272,2742,Sewa Securities Pvt. Ltd.,Nepal Stock House (PVT) Ltd.,2026-04-21 14:48:56.859289,Hydorelectricity Investment and Development Company Ltd
2026042105015655,HIDCL,32,14,450,272.0,122400.0,2026-04-21,187347585,2742,Premier Securities Company Ltd.,Nepal Stock House (PVT) Ltd.,2026-04-21 14:49:07.341332,Hydorelectricity Investment and Development Company Ltd
2026042105015719,HIDCL,32,42,500,272.0,136000.0,2026-04-21,187348123,2742,Premier Securities Company Ltd.,Sani Securities Company Ltd.,2026-04-21 14:49:24.040376,Hydorelectricity Investment and Development Company Ltd
2026042105015745,HIDCL,32,4,50,272.0,13600.0,2026-04-21,187348402,2742,Premier Securities Company Ltd.,Opal Securities Investment (PVT) Ltd.,2026-04-21 14:49:32.670608,Hydorelectricity Investment and Development Company Ltd
2026042105015828,HIDCL,14,4,50,272.0,13600.0,2026-04-21,187349178,2742,Nepal Stock House (PVT) Ltd.,Opal Securities Investment (PVT) Ltd.,2026-04-21 14:49:55.492187,Hydorelectricity Investment and Development Company Ltd
2026042105015943,HIDCL,58,14,110,271.7,29887.0,2026-04-21,187350158,2742,Naasa Securities Co. Ltd.,Nepal Stock House (PVT) Ltd.,2026-04-21 14:50:32.910493,Hydorelectricity Investment and Development Company Ltd
2026042105015944,HIDCL,74,14,100,271.6,27160.0,2026-04-21,187350162,2742,KALASH STOCK MARKET PVT. LTD.,Nepal Stock House (PVT) Ltd.,2026-04-21 14:50:32.910790,Hydorelectricity Investment and Development Company Ltd
2026042105015945,HIDCL,21,14,20,271.5,5430.0,2026-04-21,187350164,2742,Midas Stock Broking Company Private Limited,Nepal Stock House (PVT) Ltd.,2026-04-21 14:50:32.910928,Hydorelectricity Investment and Development Company Ltd
2026042105015946,HIDCL,58,14,150,271.5,40725.0,2026-04-21,187350166,2742,Naasa Securities Co. Ltd.,Nepal Stock House (PVT) Ltd.,2026-04-21 14:50:32.911071,Hydorelectricity Investment and Development Company Ltd
2026042105015947,HIDCL,29,14,120,271.3,32556.0,2026-04-21,187350167,2742,Trisul Securities & Invt. Ltd.,Nepal Stock House (PVT) Ltd.,2026-04-21 14:50:32.911261,Hydorelectricity Investment and Development Company Ltd
2026042105015956,HIDCL,29,50,380,271.3,103094.0,2026-04-21,187350282,2742,Trisul Securities & Invt. Ltd.,Cristal Kanchanjanga Securites Pvt. Ltd.,2026-04-21 14:50:37.327722,Hydorelectricity Investment and Development Company Ltd
2026042105015957,HIDCL,14,50,500,271.3,135650.0,2026-04-21,187350284,2742,Nepal Stock House (PVT) Ltd.,Cristal Kanchanjanga Securites Pvt. Ltd.,2026-04-21 14:50:37.328251,Hydorelectricity Investment and Development Company Ltd
2026042105015958,HIDCL,45,50,30,271.2,8136.0,2026-04-21,187350286,2742,Imperial Securities Company Pvt. Ltd.,Cristal Kanchanjanga Securites Pvt. Ltd.,2026-04-21 14:50:37.328636,Hydorelectricity Investment and Development Company Ltd
2026042105015959,HIDCL,21,50,200,271.1,54220.0,2026-04-21,187350288,2742,Midas Stock Broking Company Private Limited,Cristal Kanchanjanga Securites Pvt. Ltd.,2026-04-21 14:50:37.328974,Hydorelectricity Investment and Development Company Ltd
2026042105015960,HIDCL,64,50,500,271.1,135550.0,2026-04-21,187350290,2742,SUN SECURITIES PVT LTD,Cristal Kanchanjanga Securites Pvt. Ltd.,2026-04-21 14:50:37.329304,Hydorelectricity Investment and Development Company Ltd
2026042105015961,HIDCL,32,50,3000,271.1,813300.0,2026-04-21,187350292,2742,Premier Securities Company Ltd.,Cristal Kanchanjanga Securites Pvt. Ltd.,2026-04-21 14:50:37.329645,Hydorelectricity Investment and Development Company Ltd
2026042105015962,HIDCL,13,50,290,271.0,78590.0,2026-04-21,187350294,2742,Thrive Brokerage House Pvt. Ltd,Cristal Kanchanjanga Securites Pvt. Ltd.,2026-04-21 14:50:37.329981,Hydorelectricity Investment and Development Company Ltd
2026042105015963,HIDCL,44,50,100,271.0,27100.0,2026-04-21,187350295,2742,Dynamic Money Managers Securities Pvt. Ltd.,Cristal Kanchanjanga Securites Pvt. Ltd.,2026-04-21 14:50:37.330299,Hydorelectricity Investment and Development Company Ltd
2026042105016043,HIDCL,94,4,378,272.0,102816.0,2026-04-21,187350878,2742,K.B.L. Securities Limited ,Opal Securities Investment (PVT) Ltd.,2026-04-21 14:50:55.563158,Hydorelectricity Investment and Development Company Ltd
2026042105016685,HIDCL,32,58,10,272.9,2729.0,2026-04-21,187355462,2742,Premier Securities Company Ltd.,Naasa Securities Co. Ltd.,2026-04-21 14:53:45.578107,Hydorelectricity Investment and Development Company Ltd
2026042105016718,HIDCL,35,44,15,272.1,4081.5,2026-04-21,187355678,2742,Kohinoor Investment & Securities Pvt. Ltd.,Dynamic Money Managers Securities Pvt. Ltd.,2026-04-21 14:53:51.567743,Hydorelectricity Investment and Development Company Ltd
2026042105016719,HIDCL,49,44,100,272.0,27200.0,2026-04-21,187355680,2742,Online Securities Pvt. Ltd.,Dynamic Money Managers Securities Pvt. Ltd.,2026-04-21 14:53:51.568375,Hydorelectricity Investment and Development Company Ltd
2026042105017037,HIDCL,57,44,100,272.0,27200.0,2026-04-21,187358336,2742,Aryatara Investment & Securities,Dynamic Money Managers Securities Pvt. Ltd.,2026-04-21 14:55:24.717762,Hydorelectricity Investment and Development Company Ltd
2026042105017057,HIDCL,45,44,20,272.0,5440.0,2026-04-21,187358534,2742,Imperial Securities Company Pvt. Ltd.,Dynamic Money Managers Securities Pvt. Ltd.,2026-04-21 14:55:31.008536,Hydorelectricity Investment and Development Company Ltd
2026042105017193,HIDCL,52,1,40,271.8,10872.0,2026-04-21,187359636,2742,Sundhara Securities Limited,Kumari Securities Private Limited,2026-04-21 14:56:02.825024,Hydorelectricity Investment and Development Company Ltd
2026042105017311,HIDCL,94,34,37,271.5,10045.5,2026-04-21,187360245,2742,K.B.L. Securities Limited ,Vision Securities Pvt. Ltd,2026-04-21 14:56:20.349215,Hydorelectricity Investment and Development Company Ltd
2026042105017454,HIDCL,49,1,60,271.8,16308.0,2026-04-21,187361281,2742,Online Securities Pvt. Ltd.,Kumari Securities Private Limited,2026-04-21 14:56:47.965914,Hydorelectricity Investment and Development Company Ltd
2026042105017455,HIDCL,49,25,1000,271.9,271900.0,2026-04-21,187361283,2742,Online Securities Pvt. Ltd.,Sweta Securities Private Limited,2026-04-21 14:56:47.966508,Hydorelectricity Investment and Development Company Ltd
2026042105017456,HIDCL,49,44,130,272.0,35360.0,2026-04-21,187361286,2742,Online Securities Pvt. Ltd.,Dynamic Money Managers Securities Pvt. Ltd.,2026-04-21 14:56:47.966877,Hydorelectricity Investment and Development Company Ltd
2026042105017607,HIDCL,49,34,25,271.6,6790.0,2026-04-21,187362210,2742,Online Securities Pvt. Ltd.,Vision Securities Pvt. Ltd,2026-04-21 14:57:12.669681,Hydorelectricity Investment and Development Company Ltd
2026042105017608,HIDCL,94,34,463,271.5,125704.5,2026-04-21,187362212,2742,K.B.L. Securities Limited ,Vision Securities Pvt. Ltd,2026-04-21 14:57:12.670304,Hydorelectricity Investment and Development Company Ltd
2026042105017609,HIDCL,49,34,12,271.5,3258.0,2026-04-21,187362213,2742,Online Securities Pvt. Ltd.,Vision Securities Pvt. Ltd,2026-04-21 14:57:12.670767,Hydorelectricity Investment and Development Company Ltd
2026042105017652,HIDCL,49,58,500,271.5,135750.0,2026-04-21,187362471,2742,Online Securities Pvt. Ltd.,Naasa Securities Co. Ltd.,2026-04-21 14:57:20.505327,Hydorelectricity Investment and Development Company Ltd
2026042105017785,HIDCL,52,44,497,272.0,135184.0,2026-04-21,187364017,2742,Sundhara Securities Limited,Dynamic Money Managers Securities Pvt. Ltd.,2026-04-21 14:57:54.988794,Hydorelectricity Investment and Development Company Ltd
2026042105017797,HIDCL,52,29,200,272.0,54400.0,2026-04-21,187364307,2742,Sundhara Securities Limited,Trisul Securities & Invt. Ltd.,2026-04-21 14:57:59.828111,Hydorelectricity Investment and Development Company Ltd
2026042105017801,HIDCL,52,48,2303,272.0,626416.0,2026-04-21,187364394,2742,Sundhara Securities Limited,Trishakti Securities Public Limited,2026-04-21 14:58:03.561629,Hydorelectricity Investment and Development Company Ltd
2026042105017802,HIDCL,49,48,197,271.5,53485.5,2026-04-21,187364395,2742,Online Securities Pvt. Ltd.,Trishakti Securities Public Limited,2026-04-21 14:58:03.561764,Hydorelectricity Investment and Development Company Ltd
2026042105018156,HIDCL,39,50,101,272.0,27472.0,2026-04-21,187367563,2742,Sumeru Securities Pvt. Ltd.,Cristal Kanchanjanga Securites Pvt. Ltd.,2026-04-21 14:59:16.360819,Hydorelectricity Investment and Development Company Ltd
2026042105018157,HIDCL,39,54,300,272.0,81600.0,2026-04-21,187367565,2742,Sumeru Securities Pvt. Ltd.,Sewa Securities Pvt. Ltd.,2026-04-21 14:59:16.361088,Hydorelectricity Investment and Development Company Ltd
2026042105018158,HIDCL,39,50,80,272.0,21760.0,2026-04-21,187367567,2742,Sumeru Securities Pvt. Ltd.,Cristal Kanchanjanga Securites Pvt. Ltd.,2026-04-21 14:59:16.361220,Hydorelectricity Investment and Development Company Ltd
2026042105018159,HIDCL,39,84,19,272.0,5168.0,2026-04-21,187367570,2742,Sumeru Securities Pvt. Ltd.,MILKY WAY SHARE BROKER COMPANY LTD ,2026-04-21 14:59:16.361368,Hydorelectricity Investment and Development Company Ltd
2026042105018299,HIDCL,35,1,100,272.0,27200.0,2026-04-21,187369099,2742,Kohinoor Investment & Securities Pvt. Ltd.,Kumari Securities Private Limited,2026-04-21 14:59:34.389675,Hydorelectricity Investment and Development Company Ltd
2026042105018302,HIDCL,57,14,300,271.6,81480.0,2026-04-21,187369176,2742,Aryatara Investment & Securities,Nepal Stock House (PVT) Ltd.,2026-04-21 14:59:34.888790,Hydorelectricity Investment and Development Company Ltd
2026042105018303,HIDCL,49,14,210,271.6,57036.0,2026-04-21,187369178,2742,Online Securities Pvt. Ltd.,Nepal Stock House (PVT) Ltd.,2026-04-21 14:59:34.889417,Hydorelectricity Investment and Development Company Ltd
2026042105018304,HIDCL,45,14,490,271.6,133084.0,2026-04-21,187369179,2742,Imperial Securities Company Pvt. Ltd.,Nepal Stock House (PVT) Ltd.,2026-04-21 14:59:34.889853,Hydorelectricity Investment and Development Company Ltd
2026042105018444,HIDCL,45,59,10,271.6,2716.0,2026-04-21,187370558,2742,Imperial Securities Company Pvt. Ltd.,Deevyaa Securities & Stock House Pvt. Ltd,2026-04-21 14:59:52.874023,Hydorelectricity Investment and Development Company Ltd
2026042105018445,HIDCL,29,59,10,271.6,2716.0,2026-04-21,187370560,2742,Trisul Securities & Invt. Ltd.,Deevyaa Securities & Stock House Pvt. Ltd,2026-04-21 14:59:52.874635,Hydorelectricity Investment and Development Company Ltd
2026042105018446,HIDCL,49,59,91,271.5,24706.5,2026-04-21,187370562,2742,Online Securities Pvt. Ltd.,Deevyaa Securities & Stock House Pvt. Ltd,2026-04-21 14:59:52.875080,Hydorelectricity Investment and Development Company Ltd
2026042105018447,HIDCL,16,59,300,271.5,81450.0,2026-04-21,187370564,2742,Primo Securities (PVT) Ltd.,Deevyaa Securities & Stock House Pvt. Ltd,2026-04-21 14:59:52.875583,Hydorelectricity Investment and Development Company Ltd
2026042105018448,HIDCL,42,59,389,271.5,105613.5,2026-04-21,187370565,2742,Sani Securities Company Ltd.,Deevyaa Securities & Stock House Pvt. Ltd,2026-04-21 14:59:52.875965,Hydorelectricity Investment and Development Company Ltd
2026042105018508,HIDCL,51,41,10,271.6,2716.0,2026-04-21,187371173,2742,Oxford Securities Pvt. Ltd.,Linch Stock Market Ltd.,2026-04-21 14:59:57.575498,Hydorelectricity Investment and Development Company Ltd
2026042105018523,HIDCL,53,1,53,272.0,14416.0,2026-04-21,187371877,2742,Investment Management Nepal Pvt. Ltd.,Kumari Securities Private Limited,2026-04-21 14:59:58.344872,Hydorelectricity Investment and Development Company Ltd
2026042105018524,HIDCL,53,58,17,272.9,4639.3,2026-04-21,187371883,2742,Investment Management Nepal Pvt. Ltd.,Naasa Securities Co. Ltd.,2026-04-21 14:59:58.345156,Hydorelectricity Investment and Development Company Ltd
2026042105018567,HIDCL,51,53,10,271.6,2716.0,2026-04-21,187371710,2742,Oxford Securities Pvt. Ltd.,Investment Management Nepal Pvt. Ltd.,2026-04-21 14:59:59.998621,Hydorelectricity Investment and Development Company Ltd
