contract_id,symbol,buyer_member_id,seller_member_id,volume,price,amount,buyer_broker,seller_broker,transaction_time
2026042304000029,SSHL,6,74,500,222.0,111000.0,Agrawal Securities (PVT) Ltd.,KALASH STOCK MARKET PVT. LTD.,2026-04-23 11:00:42.371319
2026042304000049,SSHL,14,34,60,224.0,13440.0,Nepal Stock House (PVT) Ltd.,Vision Securities Pvt. Ltd,2026-04-23 11:02:11.462853
2026042304000059,SSHL,14,78,550,223.0,122650.0,Nepal Stock House (PVT) Ltd.,Garima Securities Limited,2026-04-23 11:02:29.999385
2026042304000064,SSHL,45,78,450,223.0,100350.0,Imperial Securities Company Pvt. Ltd.,Garima Securities Limited,2026-04-23 11:02:39.132378
2026042304000090,SSHL,43,13,10,223.9,2239.0,South Asian Bulls Pvt. Ltd.,Thrive Brokerage House Pvt. Ltd,2026-04-23 11:03:46.718239
2026042304000094,SSHL,21,34,40,223.2,8928.0,Midas Stock Broking Company Private Limited,Vision Securities Pvt. Ltd,2026-04-23 11:03:49.799220
2026042304000101,SSHL,26,13,90,223.9,20151.0,Asian Securities Private Ltd.,Thrive Brokerage House Pvt. Ltd,2026-04-23 11:04:03.653970
2026042304000102,SSHL,26,38,110,223.9,24629.0,Asian Securities Private Ltd.,Dipshikha Dhitopatra Karobar Co. Pvt Ltd.,2026-04-23 11:04:03.654045
2026042304000125,SSHL,26,38,18,223.9,4030.2,Asian Securities Private Ltd.,Dipshikha Dhitopatra Karobar Co. Pvt Ltd.,2026-04-23 11:04:30.846911
2026042304000142,SSHL,49,45,500,224.0,112000.0,Online Securities Pvt. Ltd.,Imperial Securities Company Pvt. Ltd.,2026-04-23 11:04:48.742088
2026042304000143,SSHL,49,50,500,224.9,112450.0,Online Securities Pvt. Ltd.,Cristal Kanchanjanga Securites Pvt. Ltd.,2026-04-23 11:04:48.742175
2026042304000157,SSHL,32,62,200,225.0,45000.0,Premier Securities Company Ltd.,Capital Max Securities Ltd,2026-04-23 11:05:08.077678
2026042304000197,SSHL,57,74,10,224.0,2240.0,Aryatara Investment & Securities,KALASH STOCK MARKET PVT. LTD.,2026-04-23 11:05:38.736276
2026042304000198,SSHL,49,74,10,224.0,2240.0,Online Securities Pvt. Ltd.,KALASH STOCK MARKET PVT. LTD.,2026-04-23 11:05:38.736385
2026042304000199,SSHL,17,74,480,224.0,107520.0,ABC Securities Private Limited,KALASH STOCK MARKET PVT. LTD.,2026-04-23 11:05:38.736433
2026042304000212,SSHL,17,41,20,224.0,4480.0,ABC Securities Private Limited,Linch Stock Market Ltd.,2026-04-23 11:05:54.485167
2026042304000227,SSHL,26,41,32,224.0,7168.0,Asian Securities Private Ltd.,Linch Stock Market Ltd.,2026-04-23 11:06:05.165684
2026042304000237,SSHL,38,41,448,224.0,100352.0,Dipshikha Dhitopatra Karobar Co. Pvt Ltd.,Linch Stock Market Ltd.,2026-04-23 11:06:12.120416
2026042304000240,SSHL,58,62,100,225.0,22500.0,Naasa Securities Co. Ltd.,Capital Max Securities Ltd,2026-04-23 11:06:16.587159
2026042304000251,SSHL,38,58,1500,224.0,336000.0,Dipshikha Dhitopatra Karobar Co. Pvt Ltd.,Naasa Securities Co. Ltd.,2026-04-23 11:06:25.381187
2026042304000269,SSHL,38,13,52,224.0,11648.0,Dipshikha Dhitopatra Karobar Co. Pvt Ltd.,Thrive Brokerage House Pvt. Ltd,2026-04-23 11:06:32.864764
2026042304000294,SSHL,26,65,100,223.9,22390.0,Asian Securities Private Ltd.,Sharepro Securities Private Limited,2026-04-23 11:06:45.956777
2026042304000295,SSHL,64,13,136,224.0,30464.0,SUN SECURITIES PVT LTD,Thrive Brokerage House Pvt. Ltd,2026-04-23 11:06:50.286936
2026042304000298,SSHL,26,21,400,223.9,89560.0,Asian Securities Private Ltd.,Midas Stock Broking Company Private Limited,2026-04-23 11:06:52.308897
2026042304000314,SSHL,42,21,100,223.9,22390.0,Sani Securities Company Ltd.,Midas Stock Broking Company Private Limited,2026-04-23 11:07:10.492284
2026042304000315,SSHL,42,13,312,224.0,69888.0,Sani Securities Company Ltd.,Thrive Brokerage House Pvt. Ltd,2026-04-23 11:07:10.492557
2026042304000316,SSHL,42,34,588,224.0,131712.0,Sani Securities Company Ltd.,Vision Securities Pvt. Ltd,2026-04-23 11:07:10.492705
2026042304000331,SSHL,7,65,50,223.2,11160.0,J.F. Securites (PVT) Ltd.,Sharepro Securities Private Limited,2026-04-23 11:07:18.641421
2026042304000332,SSHL,38,65,500,223.1,111550.0,Dipshikha Dhitopatra Karobar Co. Pvt Ltd.,Sharepro Securities Private Limited,2026-04-23 11:07:18.641554
2026042304000333,SSHL,33,65,100,223.0,22300.0,Dakshinkali Investment & Securities Pvt. Ltd.,Sharepro Securities Private Limited,2026-04-23 11:07:18.641618
2026042304000334,SSHL,8,65,250,223.0,55750.0,Brilliant Securities Pvt. Ltd.,Sharepro Securities Private Limited,2026-04-23 11:07:18.641673
2026042304000369,SSHL,8,34,750,223.0,167250.0,Brilliant Securities Pvt. Ltd.,Vision Securities Pvt. Ltd,2026-04-23 11:07:46.418877
2026042304000370,SSHL,32,34,201,223.0,44823.0,Premier Securities Company Ltd.,Vision Securities Pvt. Ltd,2026-04-23 11:07:46.419103
2026042304000371,SSHL,6,34,10,223.0,2230.0,Agrawal Securities (PVT) Ltd.,Vision Securities Pvt. Ltd,2026-04-23 11:07:46.419273
2026042304000399,SSHL,7,34,50,223.0,11150.0,J.F. Securites (PVT) Ltd.,Vision Securities Pvt. Ltd,2026-04-23 11:08:08.548672
2026042304000409,SSHL,41,17,500,222.3,111150.0,Linch Stock Market Ltd.,ABC Securities Private Limited,2026-04-23 11:08:22.247674
2026042304000418,SSHL,6,34,590,222.1,131039.0,Agrawal Securities (PVT) Ltd.,Vision Securities Pvt. Ltd,2026-04-23 11:08:34.834281
2026042304000442,SSHL,6,38,1000,222.1,222100.0,Agrawal Securities (PVT) Ltd.,Dipshikha Dhitopatra Karobar Co. Pvt Ltd.,2026-04-23 11:09:01.918199
2026042304000443,SSHL,6,16,410,222.1,91061.0,Agrawal Securities (PVT) Ltd.,Primo Securities (PVT) Ltd.,2026-04-23 11:09:03.438667
2026042304000444,SSHL,51,16,20,222.1,4442.0,Oxford Securities Pvt. Ltd.,Primo Securities (PVT) Ltd.,2026-04-23 11:09:03.438796
2026042304000445,SSHL,10,16,570,222.0,126540.0,Pragyan Securities (PVT) Ltd.,Primo Securities (PVT) Ltd.,2026-04-23 11:09:03.438860
2026042304000461,SSHL,10,45,430,222.0,95460.0,Pragyan Securities (PVT) Ltd.,Imperial Securities Company Pvt. Ltd.,2026-04-23 11:09:26.444523
2026042304000462,SSHL,58,45,50,222.0,11100.0,Naasa Securities Co. Ltd.,Imperial Securities Company Pvt. Ltd.,2026-04-23 11:09:26.444653
2026042304000560,SSHL,38,16,500,221.9,110950.0,Dipshikha Dhitopatra Karobar Co. Pvt Ltd.,Primo Securities (PVT) Ltd.,2026-04-23 11:11:05.075162
2026042304000610,SSHL,58,58,40,221.0,8840.0,Naasa Securities Co. Ltd.,Naasa Securities Co. Ltd.,2026-04-23 11:12:03.181147
2026042304000612,SSHL,58,58,10,221.0,2210.0,Naasa Securities Co. Ltd.,Naasa Securities Co. Ltd.,2026-04-23 11:12:08.640487
2026042304000621,SSHL,4,45,202,221.9,44823.8,Opal Securities Investment (PVT) Ltd.,Imperial Securities Company Pvt. Ltd.,2026-04-23 11:12:23.274553
2026042304000636,SSHL,42,51,130,221.0,28730.0,Sani Securities Company Ltd.,Oxford Securities Pvt. Ltd.,2026-04-23 11:12:54.795284
2026042304000734,SSHL,29,45,100,221.9,22190.0,Trisul Securities & Invt. Ltd.,Imperial Securities Company Pvt. Ltd.,2026-04-23 11:15:06.118909
2026042304000785,SSHL,42,49,60,221.0,13260.0,Sani Securities Company Ltd.,Online Securities Pvt. Ltd.,2026-04-23 11:16:04.321634
2026042304000787,SSHL,42,36,10,221.0,2210.0,Sani Securities Company Ltd.,Secured Securities Ltd.,2026-04-23 11:16:06.786611
2026042304000788,SSHL,42,36,40,221.0,8840.0,Sani Securities Company Ltd.,Secured Securities Ltd.,2026-04-23 11:16:06.786967
2026042304000804,SSHL,52,29,100,221.5,22150.0,Sundhara Securities Limited,Trisul Securities & Invt. Ltd.,2026-04-23 11:16:18.864052
2026042304000825,SSHL,52,45,200,221.9,44380.0,Sundhara Securities Limited,Imperial Securities Company Pvt. Ltd.,2026-04-23 11:16:33.147406
2026042304000839,SSHL,42,58,10,221.0,2210.0,Sani Securities Company Ltd.,Naasa Securities Co. Ltd.,2026-04-23 11:17:02.857232
2026042304000856,SSHL,42,42,50,221.0,11050.0,Sani Securities Company Ltd.,Sani Securities Company Ltd.,2026-04-23 11:17:23.318067
2026042304000857,SSHL,58,42,56,221.0,12376.0,Naasa Securities Co. Ltd.,Sani Securities Company Ltd.,2026-04-23 11:17:23.318278
2026042304000858,SSHL,25,42,200,221.0,44200.0,Sweta Securities Private Limited,Sani Securities Company Ltd.,2026-04-23 11:17:23.318363
2026042304000876,SSHL,53,59,150,221.1,33165.0,Investment Management Nepal Pvt. Ltd.,Deevyaa Securities & Stock House Pvt. Ltd,2026-04-23 11:17:50.633325
2026042304000877,SSHL,43,59,150,220.1,33015.0,South Asian Bulls Pvt. Ltd.,Deevyaa Securities & Stock House Pvt. Ltd,2026-04-23 11:17:50.633486
2026042304000968,SSHL,43,52,50,220.1,11005.0,South Asian Bulls Pvt. Ltd.,Sundhara Securities Limited,2026-04-23 11:20:04.159469
2026042304000997,SSHL,65,49,200,220.0,44000.0,Sharepro Securities Private Limited,Online Securities Pvt. Ltd.,2026-04-23 11:20:38.960840
2026042304000998,SSHL,38,49,14,220.0,3080.0,Dipshikha Dhitopatra Karobar Co. Pvt Ltd.,Online Securities Pvt. Ltd.,2026-04-23 11:20:38.961050
2026042304000999,SSHL,7,49,50,220.0,11000.0,J.F. Securites (PVT) Ltd.,Online Securities Pvt. Ltd.,2026-04-23 11:20:38.961128
2026042304001029,SSHL,38,49,500,219.8,109900.0,Dipshikha Dhitopatra Karobar Co. Pvt Ltd.,Online Securities Pvt. Ltd.,2026-04-23 11:21:08.261647
2026042304001052,SSHL,36,81,200,219.0,43800.0,Secured Securities Ltd.,Aakashbhairab Securities Ltd.,2026-04-23 11:21:19.883372
2026042304001053,SSHL,42,81,100,219.0,21900.0,Sani Securities Company Ltd.,Aakashbhairab Securities Ltd.,2026-04-23 11:21:19.883680
2026042304001054,SSHL,4,81,200,219.0,43800.0,Opal Securities Investment (PVT) Ltd.,Aakashbhairab Securities Ltd.,2026-04-23 11:21:19.883767
2026042304001055,SSHL,51,81,10,219.0,2190.0,Oxford Securities Pvt. Ltd.,Aakashbhairab Securities Ltd.,2026-04-23 11:21:19.883862
2026042304001056,SSHL,6,81,10,219.0,2190.0,Agrawal Securities (PVT) Ltd.,Aakashbhairab Securities Ltd.,2026-04-23 11:21:19.884053
2026042304001057,SSHL,49,81,260,219.0,56940.0,Online Securities Pvt. Ltd.,Aakashbhairab Securities Ltd.,2026-04-23 11:21:19.884161
2026042304001084,SSHL,36,45,100,218.7,21870.0,Secured Securities Ltd.,Imperial Securities Company Pvt. Ltd.,2026-04-23 11:21:46.651612
2026042304001090,SSHL,36,49,400,218.7,87480.0,Secured Securities Ltd.,Online Securities Pvt. Ltd.,2026-04-23 11:21:51.278636
2026042304001091,SSHL,49,49,200,218.1,43620.0,Online Securities Pvt. Ltd.,Online Securities Pvt. Ltd.,2026-04-23 11:21:51.279041
2026042304001092,SSHL,49,49,200,218.0,43600.0,Online Securities Pvt. Ltd.,Online Securities Pvt. Ltd.,2026-04-23 11:21:51.279297
2026042304001093,SSHL,10,49,876,218.0,190968.0,Pragyan Securities (PVT) Ltd.,Online Securities Pvt. Ltd.,2026-04-23 11:21:51.279547
2026042304001094,SSHL,58,81,24,219.0,5256.0,Naasa Securities Co. Ltd.,Aakashbhairab Securities Ltd.,2026-04-23 11:21:52.234142
2026042304001132,SSHL,57,81,396,219.0,86724.0,Aryatara Investment & Securities,Aakashbhairab Securities Ltd.,2026-04-23 11:22:31.879150
2026042304001280,SSHL,57,52,104,219.0,22776.0,Aryatara Investment & Securities,Sundhara Securities Limited,2026-04-23 11:24:52.764159
2026042304001281,SSHL,51,52,35,219.0,7665.0,Oxford Securities Pvt. Ltd.,Sundhara Securities Limited,2026-04-23 11:24:52.764434
2026042304001282,SSHL,48,52,21,219.0,4599.0,Trishakti Securities Public Limited,Sundhara Securities Limited,2026-04-23 11:24:52.764525
2026042304001285,SSHL,48,46,29,219.0,6351.0,Trishakti Securities Public Limited,Kalika Securities Pvt. Ltd.,2026-04-23 11:24:57.969057
2026042304001286,SSHL,57,46,20,219.0,4380.0,Aryatara Investment & Securities,Kalika Securities Pvt. Ltd.,2026-04-23 11:24:57.969341
2026042304001340,SSHL,51,86,40,218.2,8728.0,Oxford Securities Pvt. Ltd.,Stoxkarts Securities Limited,2026-04-23 11:26:17.070747
2026042304001341,SSHL,43,86,100,218.1,21810.0,South Asian Bulls Pvt. Ltd.,Stoxkarts Securities Limited,2026-04-23 11:26:17.071154
2026042304001342,SSHL,16,86,555,218.1,121045.5,Primo Securities (PVT) Ltd.,Stoxkarts Securities Limited,2026-04-23 11:26:17.071475
2026042304001343,SSHL,10,86,805,218.0,175490.0,Pragyan Securities (PVT) Ltd.,Stoxkarts Securities Limited,2026-04-23 11:26:17.071820
2026042304001347,SSHL,3,46,15,219.0,3285.0,Arun Securities (PVT) Ltd.,Kalika Securities Pvt. Ltd.,2026-04-23 11:26:19.492735
2026042304001374,SSHL,16,46,40,218.1,8724.0,Primo Securities (PVT) Ltd.,Kalika Securities Pvt. Ltd.,2026-04-23 11:26:51.018242
2026042304001418,SSHL,16,17,900,218.1,196290.0,Primo Securities (PVT) Ltd.,ABC Securities Private Limited,2026-04-23 11:27:13.941775
2026042304001419,SSHL,16,42,10,218.1,2181.0,Primo Securities (PVT) Ltd.,Sani Securities Company Ltd.,2026-04-23 11:27:13.990544
2026042304001422,SSHL,62,46,600,219.0,131400.0,Capital Max Securities Ltd,Kalika Securities Pvt. Ltd.,2026-04-23 11:27:23.767670
2026042304001423,SSHL,16,58,49,218.1,10686.9,Primo Securities (PVT) Ltd.,Naasa Securities Co. Ltd.,2026-04-23 11:27:28.316981
2026042304001424,SSHL,4,58,35,218.1,7633.5,Opal Securities Investment (PVT) Ltd.,Naasa Securities Co. Ltd.,2026-04-23 11:27:32.253825
2026042304001463,SSHL,4,58,10,218.1,2181.0,Opal Securities Investment (PVT) Ltd.,Naasa Securities Co. Ltd.,2026-04-23 11:28:09.241285
2026042304001470,SSHL,4,17,186,218.1,40566.6,Opal Securities Investment (PVT) Ltd.,ABC Securities Private Limited,2026-04-23 11:28:15.032533
2026042304001567,SSHL,5,58,85,218.3,18555.5,Market Securities & Exchange (PVT) Ltd.,Naasa Securities Co. Ltd.,2026-04-23 11:30:06.549854
2026042304001616,SSHL,34,46,28,219.0,6132.0,Vision Securities Pvt. Ltd,Kalika Securities Pvt. Ltd.,2026-04-23 11:30:51.158305
2026042304001617,SSHL,34,48,1000,219.0,219000.0,Vision Securities Pvt. Ltd,Trishakti Securities Public Limited,2026-04-23 11:30:51.158574
2026042304001618,SSHL,34,46,95,219.0,20805.0,Vision Securities Pvt. Ltd,Kalika Securities Pvt. Ltd.,2026-04-23 11:30:51.158673
2026042304001619,SSHL,34,4,377,219.6,82789.2,Vision Securities Pvt. Ltd,Opal Securities Investment (PVT) Ltd.,2026-04-23 11:30:51.158783
2026042304001653,SSHL,59,43,500,219.0,109500.0,Deevyaa Securities & Stock House Pvt. Ltd,South Asian Bulls Pvt. Ltd.,2026-04-23 11:31:18.969627
2026042304001654,SSHL,36,64,100,219.1,21910.0,Secured Securities Ltd.,SUN SECURITIES PVT LTD,2026-04-23 11:31:21.764435
2026042304001668,SSHL,39,4,500,219.6,109800.0,Sumeru Securities Pvt. Ltd.,Opal Securities Investment (PVT) Ltd.,2026-04-23 11:31:43.945606
2026042304001701,SSHL,57,4,200,219.6,43920.0,Aryatara Investment & Securities,Opal Securities Investment (PVT) Ltd.,2026-04-23 11:32:05.339991
2026042304001705,SSHL,5,4,523,219.6,114850.8,Market Securities & Exchange (PVT) Ltd.,Opal Securities Investment (PVT) Ltd.,2026-04-23 11:32:11.294935
2026042304001711,SSHL,16,13,500,219.7,109850.0,Primo Securities (PVT) Ltd.,Thrive Brokerage House Pvt. Ltd,2026-04-23 11:32:21.765656
2026042304001735,SSHL,16,17,500,220.0,110000.0,Primo Securities (PVT) Ltd.,ABC Securities Private Limited,2026-04-23 11:32:45.595320
2026042304001743,SSHL,5,74,150,219.6,32940.0,Market Securities & Exchange (PVT) Ltd.,KALASH STOCK MARKET PVT. LTD.,2026-04-23 11:32:56.135656
2026042304001875,SSHL,22,53,20,220.1,4402.0,Siprabi Securities Pvt. Ltd.,Investment Management Nepal Pvt. Ltd.,2026-04-23 11:36:21.328724
2026042304001877,SSHL,22,45,80,220.1,17608.0,Siprabi Securities Pvt. Ltd.,Imperial Securities Company Pvt. Ltd.,2026-04-23 11:36:26.443977
2026042304001878,SSHL,17,45,418,220.0,91960.0,ABC Securities Private Limited,Imperial Securities Company Pvt. Ltd.,2026-04-23 11:36:26.444282
2026042304001884,SSHL,17,44,82,220.0,18040.0,ABC Securities Private Limited,Dynamic Money Managers Securities Pvt. Ltd.,2026-04-23 11:36:45.028041
2026042304001888,SSHL,28,58,10,219.7,2197.0,Shree Krishna Securities Ltd.,Naasa Securities Co. Ltd.,2026-04-23 11:37:03.104686
2026042304001909,SSHL,51,41,145,219.9,31885.5,Oxford Securities Pvt. Ltd.,Linch Stock Market Ltd.,2026-04-23 11:37:32.891391
2026042304001911,SSHL,1,41,60,219.9,13194.0,Kumari Securities Private Limited,Linch Stock Market Ltd.,2026-04-23 11:37:40.018802
2026042304001913,SSHL,25,41,50,219.9,10995.0,Sweta Securities Private Limited,Linch Stock Market Ltd.,2026-04-23 11:37:41.479238
2026042304001914,SSHL,49,41,745,219.9,163825.5,Online Securities Pvt. Ltd.,Linch Stock Market Ltd.,2026-04-23 11:37:42.480532
2026042304001918,SSHL,28,44,290,220.0,63800.0,Shree Krishna Securities Ltd.,Dynamic Money Managers Securities Pvt. Ltd.,2026-04-23 11:37:49.071503
2026042304001920,SSHL,58,44,270,220.0,59400.0,Naasa Securities Co. Ltd.,Dynamic Money Managers Securities Pvt. Ltd.,2026-04-23 11:37:52.345206
2026042304001934,SSHL,49,4,55,219.9,12094.5,Online Securities Pvt. Ltd.,Opal Securities Investment (PVT) Ltd.,2026-04-23 11:38:14.029406
2026042304001935,SSHL,58,4,26,219.9,5717.4,Naasa Securities Co. Ltd.,Opal Securities Investment (PVT) Ltd.,2026-04-23 11:38:14.029456
2026042304001936,SSHL,22,4,200,219.8,43960.0,Siprabi Securities Pvt. Ltd.,Opal Securities Investment (PVT) Ltd.,2026-04-23 11:38:14.029499
2026042304001937,SSHL,39,4,25,219.7,5492.5,Sumeru Securities Pvt. Ltd.,Opal Securities Investment (PVT) Ltd.,2026-04-23 11:38:14.029524
2026042304001938,SSHL,7,4,140,219.7,30758.0,J.F. Securites (PVT) Ltd.,Opal Securities Investment (PVT) Ltd.,2026-04-23 11:38:14.029547
2026042304001939,SSHL,5,4,242,219.6,53143.2,Market Securities & Exchange (PVT) Ltd.,Opal Securities Investment (PVT) Ltd.,2026-04-23 11:38:14.029571
2026042304001940,SSHL,57,4,175,219.6,38430.0,Aryatara Investment & Securities,Opal Securities Investment (PVT) Ltd.,2026-04-23 11:38:14.029607
2026042304001941,SSHL,35,4,46,219.0,10074.0,Kohinoor Investment & Securities Pvt. Ltd.,Opal Securities Investment (PVT) Ltd.,2026-04-23 11:38:14.029632
2026042304001942,SSHL,54,4,91,219.0,19929.0,Sewa Securities Pvt. Ltd.,Opal Securities Investment (PVT) Ltd.,2026-04-23 11:38:14.029709
2026042304001943,SSHL,28,44,200,220.0,44000.0,Shree Krishna Securities Ltd.,Dynamic Money Managers Securities Pvt. Ltd.,2026-04-23 11:38:14.503644
2026042304001952,SSHL,64,13,10,219.0,2190.0,SUN SECURITIES PVT LTD,Thrive Brokerage House Pvt. Ltd,2026-04-23 11:38:27.169828
2026042304001967,SSHL,62,35,600,218.1,130860.0,Capital Max Securities Ltd,Kohinoor Investment & Securities Pvt. Ltd.,2026-04-23 11:38:49.807872
2026042304001968,SSHL,16,35,999,218.1,217881.9,Primo Securities (PVT) Ltd.,Kohinoor Investment & Securities Pvt. Ltd.,2026-04-23 11:38:49.808129
2026042304001969,SSHL,10,35,319,218.0,69542.0,Pragyan Securities (PVT) Ltd.,Kohinoor Investment & Securities Pvt. Ltd.,2026-04-23 11:38:49.808241
2026042304001970,SSHL,10,35,282,218.0,61476.0,Pragyan Securities (PVT) Ltd.,Kohinoor Investment & Securities Pvt. Ltd.,2026-04-23 11:38:49.808358
2026042304001990,SSHL,60,87,20,219.9,4398.0,Nagarik Stock Dealer ,S.P.S.A. Securities Limited,2026-04-23 11:39:14.918710
2026042304002025,SSHL,6,87,100,219.9,21990.0,Agrawal Securities (PVT) Ltd.,S.P.S.A. Securities Limited,2026-04-23 11:40:16.618735
2026042304002041,SSHL,42,87,80,219.9,17592.0,Sani Securities Company Ltd.,S.P.S.A. Securities Limited,2026-04-23 11:40:58.406929
2026042304002059,SSHL,91,44,225,220.0,49500.0,Citizens Share Broker Limited,Dynamic Money Managers Securities Pvt. Ltd.,2026-04-23 11:41:08.644256
2026042304002065,SSHL,51,44,2000,220.0,440000.0,Oxford Securities Pvt. Ltd.,Dynamic Money Managers Securities Pvt. Ltd.,2026-04-23 11:41:13.415574
2026042304002081,SSHL,42,17,220,219.9,48378.0,Sani Securities Company Ltd.,ABC Securities Private Limited,2026-04-23 11:41:46.546652
2026042304002082,SSHL,4,17,150,219.0,32850.0,Opal Securities Investment (PVT) Ltd.,ABC Securities Private Limited,2026-04-23 11:41:46.546958
2026042304002083,SSHL,26,17,630,219.0,137970.0,Asian Securities Private Ltd.,ABC Securities Private Limited,2026-04-23 11:41:46.547073
2026042304002160,SSHL,16,42,40,219.1,8764.0,Primo Securities (PVT) Ltd.,Sani Securities Company Ltd.,2026-04-23 11:43:18.547459
2026042304002161,SSHL,26,42,2370,219.0,519030.0,Asian Securities Private Ltd.,Sani Securities Company Ltd.,2026-04-23 11:43:18.548016
2026042304002162,SSHL,19,42,650,219.0,142350.0,Nepal Investment And Securities Trading Private Limited,Sani Securities Company Ltd.,2026-04-23 11:43:18.548443
2026042304002163,SSHL,58,42,50,219.0,10950.0,Naasa Securities Co. Ltd.,Sani Securities Company Ltd.,2026-04-23 11:43:18.548796
2026042304002164,SSHL,34,42,179,219.0,39201.0,Vision Securities Pvt. Ltd,Sani Securities Company Ltd.,2026-04-23 11:43:18.549149
2026042304002223,SSHL,52,87,50,219.9,10995.0,Sundhara Securities Limited,S.P.S.A. Securities Limited,2026-04-23 11:43:54.668033
2026042304002260,SSHL,42,91,40,219.8,8792.0,Sani Securities Company Ltd.,Citizens Share Broker Limited,2026-04-23 11:44:21.681372
2026042304002446,SSHL,34,1,50,219.1,10955.0,Vision Securities Pvt. Ltd,Kumari Securities Private Limited,2026-04-23 11:47:11.342325
2026042304002447,SSHL,42,1,10,219.1,2191.0,Sani Securities Company Ltd.,Kumari Securities Private Limited,2026-04-23 11:47:11.342699
2026042304002448,SSHL,44,1,20,219.1,4382.0,Dynamic Money Managers Securities Pvt. Ltd.,Kumari Securities Private Limited,2026-04-23 11:47:11.342830
2026042304002449,SSHL,34,1,71,219.0,15549.0,Vision Securities Pvt. Ltd,Kumari Securities Private Limited,2026-04-23 11:47:11.342952
2026042304002450,SSHL,43,1,29,218.1,6324.9,South Asian Bulls Pvt. Ltd.,Kumari Securities Private Limited,2026-04-23 11:47:11.343082
2026042304002471,SSHL,43,6,71,218.1,15485.1,South Asian Bulls Pvt. Ltd.,Agrawal Securities (PVT) Ltd.,2026-04-23 11:47:23.548645
2026042304002472,SSHL,43,6,129,218.1,28134.9,South Asian Bulls Pvt. Ltd.,Agrawal Securities (PVT) Ltd.,2026-04-23 11:47:23.549201
2026042304002604,SSHL,58,45,26,219.7,5712.2,Naasa Securities Co. Ltd.,Imperial Securities Company Pvt. Ltd.,2026-04-23 11:50:27.299449
2026042304002610,SSHL,91,1,15,219.0,3285.0,Citizens Share Broker Limited,Kumari Securities Private Limited,2026-04-23 11:50:32.163584
2026042304002682,SSHL,64,58,86,219.3,18859.8,SUN SECURITIES PVT LTD,Naasa Securities Co. Ltd.,2026-04-23 11:51:44.636260
2026042304002695,SSHL,58,58,30,219.3,6579.0,Naasa Securities Co. Ltd.,Naasa Securities Co. Ltd.,2026-04-23 11:52:07.920145
2026042304002721,SSHL,91,58,104,219.0,22776.0,Citizens Share Broker Limited,Naasa Securities Co. Ltd.,2026-04-23 11:52:31.481570
2026042304002722,SSHL,4,58,96,219.0,21024.0,Opal Securities Investment (PVT) Ltd.,Naasa Securities Co. Ltd.,2026-04-23 11:52:31.482217
2026042304002810,SSHL,4,63,10,219.0,2190.0,Opal Securities Investment (PVT) Ltd.,Himalayan Brokerage Company Limited,2026-04-23 11:53:43.645877
2026042304002811,SSHL,28,63,910,219.0,199290.0,Shree Krishna Securities Ltd.,Himalayan Brokerage Company Limited,2026-04-23 11:53:43.646507
2026042304002862,SSHL,58,63,20,219.0,4380.0,Naasa Securities Co. Ltd.,Himalayan Brokerage Company Limited,2026-04-23 11:54:58.643578
2026042304002913,SSHL,42,67,10,218.6,2186.0,Sani Securities Company Ltd.,Property Wiard Limited,2026-04-23 11:56:09.685497
2026042304002914,SSHL,58,67,22,218.6,4809.2,Naasa Securities Co. Ltd.,Property Wiard Limited,2026-04-23 11:56:09.686160
2026042304002915,SSHL,45,67,11,218.5,2403.5,Imperial Securities Company Pvt. Ltd.,Property Wiard Limited,2026-04-23 11:56:09.686614
2026042304002916,SSHL,34,67,50,218.2,10910.0,Vision Securities Pvt. Ltd,Property Wiard Limited,2026-04-23 11:56:09.687028
2026042304002917,SSHL,6,67,500,218.2,109100.0,Agrawal Securities (PVT) Ltd.,Property Wiard Limited,2026-04-23 11:56:09.687438
2026042304002918,SSHL,43,67,171,218.1,37295.1,South Asian Bulls Pvt. Ltd.,Property Wiard Limited,2026-04-23 11:56:09.687861
2026042304002919,SSHL,16,67,738,218.1,160957.8,Primo Securities (PVT) Ltd.,Property Wiard Limited,2026-04-23 11:56:09.688269
2026042304002980,SSHL,16,58,172,218.1,37513.2,Primo Securities (PVT) Ltd.,Naasa Securities Co. Ltd.,2026-04-23 11:56:59.292136
2026042304003016,SSHL,16,63,90,218.1,19629.0,Primo Securities (PVT) Ltd.,Himalayan Brokerage Company Limited,2026-04-23 11:57:38.533788
2026042304003017,SSHL,35,63,111,218.1,24209.1,Kohinoor Investment & Securities Pvt. Ltd.,Himalayan Brokerage Company Limited,2026-04-23 11:57:38.534425
2026042304003018,SSHL,45,63,500,218.0,109000.0,Imperial Securities Company Pvt. Ltd.,Himalayan Brokerage Company Limited,2026-04-23 11:57:38.534895
2026042304003019,SSHL,41,63,181,218.0,39458.0,Linch Stock Market Ltd.,Himalayan Brokerage Company Limited,2026-04-23 11:57:38.535386
2026042304003020,SSHL,58,63,46,218.0,10028.0,Naasa Securities Co. Ltd.,Himalayan Brokerage Company Limited,2026-04-23 11:57:38.535802
2026042304003021,SSHL,48,63,20,218.0,4360.0,Trishakti Securities Public Limited,Himalayan Brokerage Company Limited,2026-04-23 11:57:38.536297
2026042304003022,SSHL,1,63,10,218.0,2180.0,Kumari Securities Private Limited,Himalayan Brokerage Company Limited,2026-04-23 11:57:38.536750
2026042304003023,SSHL,6,63,100,218.0,21800.0,Agrawal Securities (PVT) Ltd.,Himalayan Brokerage Company Limited,2026-04-23 11:57:38.537196
2026042304003024,SSHL,35,63,135,218.0,29430.0,Kohinoor Investment & Securities Pvt. Ltd.,Himalayan Brokerage Company Limited,2026-04-23 11:57:38.537662
2026042304003025,SSHL,42,63,10,218.0,2180.0,Sani Securities Company Ltd.,Himalayan Brokerage Company Limited,2026-04-23 11:57:38.538111
2026042304003026,SSHL,36,63,200,218.0,43600.0,Secured Securities Ltd.,Himalayan Brokerage Company Limited,2026-04-23 11:57:38.538573
2026042304003027,SSHL,45,63,182,218.0,39676.0,Imperial Securities Company Pvt. Ltd.,Himalayan Brokerage Company Limited,2026-04-23 11:57:38.538985
2026042304003028,SSHL,59,63,20,218.0,4360.0,Deevyaa Securities & Stock House Pvt. Ltd,Himalayan Brokerage Company Limited,2026-04-23 11:57:38.539432
2026042304003029,SSHL,14,63,20,218.0,4360.0,Nepal Stock House (PVT) Ltd.,Himalayan Brokerage Company Limited,2026-04-23 11:57:38.539855
2026042304003030,SSHL,48,63,375,218.0,81750.0,Trishakti Securities Public Limited,Himalayan Brokerage Company Limited,2026-04-23 11:57:38.540297
2026042304003040,SSHL,48,63,325,218.0,70850.0,Trishakti Securities Public Limited,Himalayan Brokerage Company Limited,2026-04-23 11:57:52.116032
2026042304003041,SSHL,48,63,1675,218.0,365150.0,Trishakti Securities Public Limited,Himalayan Brokerage Company Limited,2026-04-23 11:57:52.116367
2026042304003083,SSHL,48,51,100,218.0,21800.0,Trishakti Securities Public Limited,Oxford Securities Pvt. Ltd.,2026-04-23 11:58:13.141402
2026042304003100,SSHL,48,51,100,218.0,21800.0,Trishakti Securities Public Limited,Oxford Securities Pvt. Ltd.,2026-04-23 11:58:31.215346
2026042304003114,SSHL,48,64,150,218.0,32700.0,Trishakti Securities Public Limited,SUN SECURITIES PVT LTD,2026-04-23 11:58:44.029453
2026042304003158,SSHL,48,63,475,218.0,103550.0,Trishakti Securities Public Limited,Himalayan Brokerage Company Limited,2026-04-23 11:59:17.845490
2026042304003159,SSHL,58,63,14,218.0,3052.0,Naasa Securities Co. Ltd.,Himalayan Brokerage Company Limited,2026-04-23 11:59:17.846088
2026042304003160,SSHL,16,63,50,217.5,10875.0,Primo Securities (PVT) Ltd.,Himalayan Brokerage Company Limited,2026-04-23 11:59:17.846566
2026042304003161,SSHL,45,63,50,217.5,10875.0,Imperial Securities Company Pvt. Ltd.,Himalayan Brokerage Company Limited,2026-04-23 11:59:17.847024
2026042304003162,SSHL,58,63,460,217.3,99958.0,Naasa Securities Co. Ltd.,Himalayan Brokerage Company Limited,2026-04-23 11:59:17.847497
2026042304003163,SSHL,42,63,10,217.2,2172.0,Sani Securities Company Ltd.,Himalayan Brokerage Company Limited,2026-04-23 11:59:17.847924
2026042304003164,SSHL,34,63,50,217.2,10860.0,Vision Securities Pvt. Ltd,Himalayan Brokerage Company Limited,2026-04-23 11:59:17.848360
2026042304003165,SSHL,49,63,200,217.1,43420.0,Online Securities Pvt. Ltd.,Himalayan Brokerage Company Limited,2026-04-23 11:59:17.848793
2026042304003166,SSHL,34,63,691,217.1,150016.1,Vision Securities Pvt. Ltd,Himalayan Brokerage Company Limited,2026-04-23 11:59:17.849238
2026042304003169,SSHL,34,63,309,217.1,67083.9,Vision Securities Pvt. Ltd,Himalayan Brokerage Company Limited,2026-04-23 11:59:33.317181
2026042304003170,SSHL,16,63,751,217.1,163042.1,Primo Securities (PVT) Ltd.,Himalayan Brokerage Company Limited,2026-04-23 11:59:33.317535
2026042304003179,SSHL,16,63,249,217.1,54057.9,Primo Securities (PVT) Ltd.,Himalayan Brokerage Company Limited,2026-04-23 11:59:47.479573
2026042304003180,SSHL,17,63,300,217.0,65100.0,ABC Securities Private Limited,Himalayan Brokerage Company Limited,2026-04-23 11:59:47.480185
2026042304003181,SSHL,74,63,1451,217.0,314867.0,KALASH STOCK MARKET PVT. LTD.,Himalayan Brokerage Company Limited,2026-04-23 11:59:47.480596
2026042304003186,SSHL,58,35,13,218.9,2845.7,Naasa Securities Co. Ltd.,Kohinoor Investment & Securities Pvt. Ltd.,2026-04-23 11:59:49.666754
2026042304003193,SSHL,74,8,250,217.0,54250.0,KALASH STOCK MARKET PVT. LTD.,Brilliant Securities Pvt. Ltd.,2026-04-23 12:00:05.069743
2026042304003348,SSHL,58,38,115,218.0,25070.0,Naasa Securities Co. Ltd.,Dipshikha Dhitopatra Karobar Co. Pvt Ltd.,2026-04-23 12:04:03.711294
2026042304003360,SSHL,46,38,940,218.0,204920.0,Kalika Securities Pvt. Ltd.,Dipshikha Dhitopatra Karobar Co. Pvt Ltd.,2026-04-23 12:04:14.816757
2026042304003361,SSHL,10,38,945,218.0,206010.0,Pragyan Securities (PVT) Ltd.,Dipshikha Dhitopatra Karobar Co. Pvt Ltd.,2026-04-23 12:04:18.006727
2026042304003391,SSHL,10,35,10,218.0,2180.0,Pragyan Securities (PVT) Ltd.,Kohinoor Investment & Securities Pvt. Ltd.,2026-04-23 12:04:42.761885
2026042304003398,SSHL,37,35,387,218.9,84714.3,Swarna Laxmi Securities Pvt. Ltd.,Kohinoor Investment & Securities Pvt. Ltd.,2026-04-23 12:05:14.919769
2026042304003399,SSHL,37,6,413,219.0,90447.0,Swarna Laxmi Securities Pvt. Ltd.,Agrawal Securities (PVT) Ltd.,2026-04-23 12:05:14.920165
2026042304003416,SSHL,38,6,400,219.0,87600.0,Dipshikha Dhitopatra Karobar Co. Pvt Ltd.,Agrawal Securities (PVT) Ltd.,2026-04-23 12:05:38.565066
2026042304003417,SSHL,58,6,10,219.0,2190.0,Naasa Securities Co. Ltd.,Agrawal Securities (PVT) Ltd.,2026-04-23 12:05:38.763809
2026042304003441,SSHL,45,6,22,219.0,4818.0,Imperial Securities Company Pvt. Ltd.,Agrawal Securities (PVT) Ltd.,2026-04-23 12:05:55.977728
2026042304003453,SSHL,4,6,100,219.0,21900.0,Opal Securities Investment (PVT) Ltd.,Agrawal Securities (PVT) Ltd.,2026-04-23 12:06:11.861537
2026042304003517,SSHL,48,6,1000,219.0,219000.0,Trishakti Securities Public Limited,Agrawal Securities (PVT) Ltd.,2026-04-23 12:06:46.521697
2026042304003579,SSHL,11,58,20,218.9,4378.0,Malla & Malla Stock Broking Company Pvt. Limited,Naasa Securities Co. Ltd.,2026-04-23 12:08:10.821885
2026042304003665,SSHL,10,58,400,218.0,87200.0,Pragyan Securities (PVT) Ltd.,Naasa Securities Co. Ltd.,2026-04-23 12:10:18.941697
2026042304003687,SSHL,57,58,30,218.9,6567.0,Aryatara Investment & Securities,Naasa Securities Co. Ltd.,2026-04-23 12:10:57.213615
2026042304003821,SSHL,36,6,500,219.0,109500.0,Secured Securities Ltd.,Agrawal Securities (PVT) Ltd.,2026-04-23 12:13:06.680742
2026042304003826,SSHL,54,6,500,219.0,109500.0,Sewa Securities Pvt. Ltd.,Agrawal Securities (PVT) Ltd.,2026-04-23 12:13:09.951245
2026042304003827,SSHL,6,6,55,219.0,12045.0,Agrawal Securities (PVT) Ltd.,Agrawal Securities (PVT) Ltd.,2026-04-23 12:13:11.676505
2026042304003847,SSHL,36,91,460,219.8,101108.0,Secured Securities Ltd.,Citizens Share Broker Limited,2026-04-23 12:13:59.827552
2026042304003902,SSHL,17,75,30,219.8,6594.0,ABC Securities Private Limited,N.I.M.B. Stock Markets Limited,2026-04-23 12:15:44.614878
2026042304003929,SSHL,17,22,70,219.8,15386.0,ABC Securities Private Limited,Siprabi Securities Pvt. Ltd.,2026-04-23 12:16:16.225069
2026042304003930,SSHL,58,22,10,219.8,2198.0,Naasa Securities Co. Ltd.,Siprabi Securities Pvt. Ltd.,2026-04-23 12:16:16.225807
2026042304004023,SSHL,48,87,250,219.9,54975.0,Trishakti Securities Public Limited,S.P.S.A. Securities Limited,2026-04-23 12:17:46.497025
2026042304004024,SSHL,48,8,10,219.9,2199.0,Trishakti Securities Public Limited,Brilliant Securities Pvt. Ltd.,2026-04-23 12:17:46.497119
2026042304004025,SSHL,48,1,40,220.0,8800.0,Trishakti Securities Public Limited,Kumari Securities Private Limited,2026-04-23 12:17:46.497207
2026042304004061,SSHL,52,1,20,220.0,4400.0,Sundhara Securities Limited,Kumari Securities Private Limited,2026-04-23 12:18:08.455927
2026042304004062,SSHL,16,1,940,220.0,206800.0,Primo Securities (PVT) Ltd.,Kumari Securities Private Limited,2026-04-23 12:18:13.096624
2026042304004074,SSHL,16,7,20,220.0,4400.0,Primo Securities (PVT) Ltd.,J.F. Securites (PVT) Ltd.,2026-04-23 12:18:24.920483
2026042304004075,SSHL,52,7,10,220.0,2200.0,Sundhara Securities Limited,J.F. Securites (PVT) Ltd.,2026-04-23 12:18:24.921224
2026042304004081,SSHL,58,7,20,220.0,4400.0,Naasa Securities Co. Ltd.,J.F. Securites (PVT) Ltd.,2026-04-23 12:18:31.782071
2026042304004090,SSHL,38,20,150,220.5,33075.0,Dipshikha Dhitopatra Karobar Co. Pvt Ltd.,Sipla Securities Private Limited,2026-04-23 12:18:53.842972
2026042304004091,SSHL,38,42,1000,220.5,220500.0,Dipshikha Dhitopatra Karobar Co. Pvt Ltd.,Sani Securities Company Ltd.,2026-04-23 12:18:53.843355
2026042304004117,SSHL,38,36,200,221.0,44200.0,Dipshikha Dhitopatra Karobar Co. Pvt Ltd.,Secured Securities Ltd.,2026-04-23 12:19:35.094746
2026042304004118,SSHL,38,7,10,221.0,2210.0,Dipshikha Dhitopatra Karobar Co. Pvt Ltd.,J.F. Securites (PVT) Ltd.,2026-04-23 12:19:35.095183
2026042304004119,SSHL,38,49,80,221.0,17680.0,Dipshikha Dhitopatra Karobar Co. Pvt Ltd.,Online Securities Pvt. Ltd.,2026-04-23 12:19:35.095380
2026042304004128,SSHL,41,4,200,221.8,44360.0,Linch Stock Market Ltd.,Opal Securities Investment (PVT) Ltd.,2026-04-23 12:19:45.943599
2026042304004259,SSHL,16,4,800,221.8,177440.0,Primo Securities (PVT) Ltd.,Opal Securities Investment (PVT) Ltd.,2026-04-23 12:23:23.153526
2026042304004260,SSHL,16,44,1200,221.8,266160.0,Primo Securities (PVT) Ltd.,Dynamic Money Managers Securities Pvt. Ltd.,2026-04-23 12:23:23.153969
2026042304004261,SSHL,49,35,200,220.3,44060.0,Online Securities Pvt. Ltd.,Kohinoor Investment & Securities Pvt. Ltd.,2026-04-23 12:23:29.019930
2026042304004268,SSHL,16,44,2000,221.8,443600.0,Primo Securities (PVT) Ltd.,Dynamic Money Managers Securities Pvt. Ltd.,2026-04-23 12:23:34.376423
2026042304004322,SSHL,74,44,500,221.8,110900.0,KALASH STOCK MARKET PVT. LTD.,Dynamic Money Managers Securities Pvt. Ltd.,2026-04-23 12:25:07.560353
2026042304004372,SSHL,74,38,500,221.7,110850.0,KALASH STOCK MARKET PVT. LTD.,Dipshikha Dhitopatra Karobar Co. Pvt Ltd.,2026-04-23 12:27:12.614049
2026042304004399,SSHL,38,38,600,221.7,133020.0,Dipshikha Dhitopatra Karobar Co. Pvt Ltd.,Dipshikha Dhitopatra Karobar Co. Pvt Ltd.,2026-04-23 12:27:53.177164
2026042304004423,SSHL,48,45,5,218.1,1090.5,Trishakti Securities Public Limited,Imperial Securities Company Pvt. Ltd.,2026-04-23 12:29:19.254820
2026042304004431,SSHL,58,87,50,220.7,11035.0,Naasa Securities Co. Ltd.,S.P.S.A. Securities Limited,2026-04-23 12:29:30.426549
2026042304004432,SSHL,51,87,50,220.6,11030.0,Oxford Securities Pvt. Ltd.,S.P.S.A. Securities Limited,2026-04-23 12:29:30.426988
2026042304004440,SSHL,48,58,4,219.0,876.0,Trishakti Securities Public Limited,Naasa Securities Co. Ltd.,2026-04-23 12:29:51.294136
2026042304004445,SSHL,16,87,50,220.9,11045.0,Primo Securities (PVT) Ltd.,S.P.S.A. Securities Limited,2026-04-23 12:29:58.475946
2026042304004505,SSHL,36,58,100,221.0,22100.0,Secured Securities Ltd.,Naasa Securities Co. Ltd.,2026-04-23 12:31:20.726816
2026042304004506,SSHL,36,95,200,221.0,44200.0,Secured Securities Ltd.,Magnet Securities and Investment Company Private Limited,2026-04-23 12:31:20.727214
2026042304004507,SSHL,36,38,154,221.7,34141.8,Secured Securities Ltd.,Dipshikha Dhitopatra Karobar Co. Pvt Ltd.,2026-04-23 12:31:20.727418
2026042304004508,SSHL,36,44,86,221.8,19074.8,Secured Securities Ltd.,Dynamic Money Managers Securities Pvt. Ltd.,2026-04-23 12:31:20.727740
2026042304004678,SSHL,35,44,2000,221.8,443600.0,Kohinoor Investment & Securities Pvt. Ltd.,Dynamic Money Managers Securities Pvt. Ltd.,2026-04-23 12:35:51.829183
2026042304004705,SSHL,16,44,1000,221.8,221800.0,Primo Securities (PVT) Ltd.,Dynamic Money Managers Securities Pvt. Ltd.,2026-04-23 12:36:16.020402
2026042304004708,SSHL,42,44,147,221.8,32604.6,Sani Securities Company Ltd.,Dynamic Money Managers Securities Pvt. Ltd.,2026-04-23 12:36:21.039876
2026042304004709,SSHL,42,48,1240,221.8,275032.0,Sani Securities Company Ltd.,Trishakti Securities Public Limited,2026-04-23 12:36:21.040654
2026042304004728,SSHL,16,16,100,221.9,22190.0,Primo Securities (PVT) Ltd.,Primo Securities (PVT) Ltd.,2026-04-23 12:36:43.165860
2026042304004762,SSHL,42,16,400,221.9,88760.0,Sani Securities Company Ltd.,Primo Securities (PVT) Ltd.,2026-04-23 12:37:27.810792
2026042304004791,SSHL,6,45,145,222.0,32190.0,Agrawal Securities (PVT) Ltd.,Imperial Securities Company Pvt. Ltd.,2026-04-23 12:38:10.919773
2026042304004843,SSHL,42,45,115,222.0,25530.0,Sani Securities Company Ltd.,Imperial Securities Company Pvt. Ltd.,2026-04-23 12:39:11.819659
2026042304004844,SSHL,42,99,100,222.0,22200.0,Sani Securities Company Ltd.,Prabhu Stock Market Limited,2026-04-23 12:39:11.820530
2026042304004845,SSHL,42,49,10,222.0,2220.0,Sani Securities Company Ltd.,Online Securities Pvt. Ltd.,2026-04-23 12:39:11.821109
2026042304004846,SSHL,42,41,500,222.0,111000.0,Sani Securities Company Ltd.,Linch Stock Market Ltd.,2026-04-23 12:39:11.821669
2026042304004847,SSHL,42,7,275,222.0,61050.0,Sani Securities Company Ltd.,J.F. Securites (PVT) Ltd.,2026-04-23 12:39:11.822215
2026042304004853,SSHL,58,7,53,222.0,11766.0,Naasa Securities Co. Ltd.,J.F. Securites (PVT) Ltd.,2026-04-23 12:39:28.887202
2026042304004854,SSHL,58,52,100,222.0,22200.0,Naasa Securities Co. Ltd.,Sundhara Securities Limited,2026-04-23 12:39:28.887662
2026042304004855,SSHL,58,34,10,222.0,2220.0,Naasa Securities Co. Ltd.,Vision Securities Pvt. Ltd,2026-04-23 12:39:28.887840
2026042304004856,SSHL,58,6,500,222.9,111450.0,Naasa Securities Co. Ltd.,Agrawal Securities (PVT) Ltd.,2026-04-23 12:39:28.888044
2026042304004857,SSHL,58,36,337,223.0,75151.0,Naasa Securities Co. Ltd.,Secured Securities Ltd.,2026-04-23 12:39:28.888220
2026042304004878,SSHL,1,36,80,223.0,17840.0,Kumari Securities Private Limited,Secured Securities Ltd.,2026-04-23 12:39:52.372261
2026042304005054,SSHL,32,58,10,222.0,2220.0,Premier Securities Company Ltd.,Naasa Securities Co. Ltd.,2026-04-23 12:43:52.310161
2026042304005143,SSHL,59,57,110,222.0,24420.0,Deevyaa Securities & Stock House Pvt. Ltd,Aryatara Investment & Securities,2026-04-23 12:46:29.007705
2026042304005173,SSHL,51,57,10,222.0,2220.0,Oxford Securities Pvt. Ltd.,Aryatara Investment & Securities,2026-04-23 12:48:18.087248
2026042304005221,SSHL,45,57,200,222.0,44400.0,Imperial Securities Company Pvt. Ltd.,Aryatara Investment & Securities,2026-04-23 12:49:34.858322
2026042304005230,SSHL,51,10,100,221.1,22110.0,Oxford Securities Pvt. Ltd.,Pragyan Securities (PVT) Ltd.,2026-04-23 12:49:45.415699
2026042304005316,SSHL,42,57,100,222.0,22200.0,Sani Securities Company Ltd.,Aryatara Investment & Securities,2026-04-23 12:52:05.096448
2026042304005337,SSHL,58,57,580,222.0,128760.0,Naasa Securities Co. Ltd.,Aryatara Investment & Securities,2026-04-23 12:52:43.122261
2026042304005621,SSHL,45,36,83,223.0,18509.0,Imperial Securities Company Pvt. Ltd.,Secured Securities Ltd.,2026-04-23 12:58:23.598420
2026042304005622,SSHL,45,39,100,223.0,22300.0,Imperial Securities Company Pvt. Ltd.,Sumeru Securities Pvt. Ltd.,2026-04-23 12:58:23.599214
2026042304005623,SSHL,45,39,817,223.0,182191.0,Imperial Securities Company Pvt. Ltd.,Sumeru Securities Pvt. Ltd.,2026-04-23 12:58:23.599795
2026042304005624,SSHL,5,39,200,223.0,44600.0,Market Securities & Exchange (PVT) Ltd.,Sumeru Securities Pvt. Ltd.,2026-04-23 12:58:27.664066
2026042304005629,SSHL,45,39,150,223.0,33450.0,Imperial Securities Company Pvt. Ltd.,Sumeru Securities Pvt. Ltd.,2026-04-23 12:58:44.806998
2026042304005644,SSHL,66,39,99,223.0,22077.0,Miyo Securities Pvt Ltd,Sumeru Securities Pvt. Ltd.,2026-04-23 12:59:02.278622
2026042304005658,SSHL,32,39,734,223.0,163682.0,Premier Securities Company Ltd.,Sumeru Securities Pvt. Ltd.,2026-04-23 12:59:24.843615
2026042304005659,SSHL,32,52,266,223.0,59318.0,Premier Securities Company Ltd.,Sundhara Securities Limited,2026-04-23 12:59:24.844484
2026042304005668,SSHL,52,52,10,223.0,2230.0,Sundhara Securities Limited,Sundhara Securities Limited,2026-04-23 12:59:48.109380
2026042304005746,SSHL,99,52,24,223.0,5352.0,Prabhu Stock Market Limited,Sundhara Securities Limited,2026-04-23 13:01:25.435130
2026042304005803,SSHL,49,95,200,223.4,44680.0,Online Securities Pvt. Ltd.,Magnet Securities and Investment Company Private Limited,2026-04-23 13:02:38.179058
2026042304005871,SSHL,46,32,50,223.5,11175.0,Kalika Securities Pvt. Ltd.,Premier Securities Company Ltd.,2026-04-23 13:03:30.388246
2026042304005872,SSHL,42,32,70,223.5,15645.0,Sani Securities Company Ltd.,Premier Securities Company Ltd.,2026-04-23 13:03:31.314468
2026042304005909,SSHL,42,32,1000,223.5,223500.0,Sani Securities Company Ltd.,Premier Securities Company Ltd.,2026-04-23 13:03:51.982159
2026042304005910,SSHL,44,32,380,223.5,84930.0,Dynamic Money Managers Securities Pvt. Ltd.,Premier Securities Company Ltd.,2026-04-23 13:03:53.840519
2026042304005963,SSHL,48,50,140,224.0,31360.0,Trishakti Securities Public Limited,Cristal Kanchanjanga Securites Pvt. Ltd.,2026-04-23 13:04:11.339549
2026042304005964,SSHL,48,39,20,224.0,4480.0,Trishakti Securities Public Limited,Sumeru Securities Pvt. Ltd.,2026-04-23 13:04:11.339995
2026042304005965,SSHL,48,58,48,224.0,10752.0,Trishakti Securities Public Limited,Naasa Securities Co. Ltd.,2026-04-23 13:04:11.340189
2026042304005966,SSHL,48,58,11,224.0,2464.0,Trishakti Securities Public Limited,Naasa Securities Co. Ltd.,2026-04-23 13:04:11.340385
2026042304005967,SSHL,48,33,200,224.0,44800.0,Trishakti Securities Public Limited,Dakshinkali Investment & Securities Pvt. Ltd.,2026-04-23 13:04:11.340573
2026042304005968,SSHL,48,6,2000,224.0,448000.0,Trishakti Securities Public Limited,Agrawal Securities (PVT) Ltd.,2026-04-23 13:04:11.340763
2026042304005969,SSHL,48,95,500,224.0,112000.0,Trishakti Securities Public Limited,Magnet Securities and Investment Company Private Limited,2026-04-23 13:04:11.340949
2026042304005970,SSHL,48,34,81,224.0,18144.0,Trishakti Securities Public Limited,Vision Securities Pvt. Ltd,2026-04-23 13:04:11.341139
2026042304005979,SSHL,25,34,44,224.0,9856.0,Sweta Securities Private Limited,Vision Securities Pvt. Ltd,2026-04-23 13:04:33.884020
2026042304006010,SSHL,34,34,185,224.0,41440.0,Vision Securities Pvt. Ltd,Vision Securities Pvt. Ltd,2026-04-23 13:05:13.924117
2026042304006115,SSHL,42,44,50,224.5,11225.0,Sani Securities Company Ltd.,Dynamic Money Managers Securities Pvt. Ltd.,2026-04-23 13:07:19.730261
2026042304006116,SSHL,42,22,50,224.6,11230.0,Sani Securities Company Ltd.,Siprabi Securities Pvt. Ltd.,2026-04-23 13:07:19.730700
2026042304006117,SSHL,42,45,374,224.9,84112.6,Sani Securities Company Ltd.,Imperial Securities Company Pvt. Ltd.,2026-04-23 13:07:19.730895
2026042304006118,SSHL,42,17,26,224.9,5847.4,Sani Securities Company Ltd.,ABC Securities Private Limited,2026-04-23 13:07:19.731128
2026042304006150,SSHL,42,17,100,224.9,22490.0,Sani Securities Company Ltd.,ABC Securities Private Limited,2026-04-23 13:07:49.269048
2026042304006192,SSHL,51,38,500,224.1,112050.0,Oxford Securities Pvt. Ltd.,Dipshikha Dhitopatra Karobar Co. Pvt Ltd.,2026-04-23 13:08:42.239302
2026042304006248,SSHL,51,34,285,224.1,63868.5,Oxford Securities Pvt. Ltd.,Vision Securities Pvt. Ltd,2026-04-23 13:09:56.248777
2026042304006249,SSHL,34,34,115,224.0,25760.0,Vision Securities Pvt. Ltd,Vision Securities Pvt. Ltd,2026-04-23 13:09:56.249187
2026042304006250,SSHL,11,34,40,224.0,8960.0,Malla & Malla Stock Broking Company Pvt. Limited,Vision Securities Pvt. Ltd,2026-04-23 13:09:56.249390
2026042304006251,SSHL,13,34,500,224.0,112000.0,Thrive Brokerage House Pvt. Ltd,Vision Securities Pvt. Ltd,2026-04-23 13:09:56.249579
2026042304006252,SSHL,20,34,60,224.0,13440.0,Sipla Securities Private Limited,Vision Securities Pvt. Ltd,2026-04-23 13:09:56.249770
2026042304006262,SSHL,20,38,500,224.0,112000.0,Sipla Securities Private Limited,Dipshikha Dhitopatra Karobar Co. Pvt Ltd.,2026-04-23 13:10:15.422432
2026042304006263,SSHL,20,54,240,224.0,53760.0,Sipla Securities Private Limited,Sewa Securities Pvt. Ltd.,2026-04-23 13:10:15.802031
2026042304006318,SSHL,57,54,200,224.0,44800.0,Aryatara Investment & Securities,Sewa Securities Pvt. Ltd.,2026-04-23 13:11:17.396000
2026042304006336,SSHL,57,54,50,224.0,11200.0,Aryatara Investment & Securities,Sewa Securities Pvt. Ltd.,2026-04-23 13:11:53.384366
2026042304006372,SSHL,44,54,180,223.5,40230.0,Dynamic Money Managers Securities Pvt. Ltd.,Sewa Securities Pvt. Ltd.,2026-04-23 13:12:56.333175
2026042304006384,SSHL,44,87,200,223.5,44700.0,Dynamic Money Managers Securities Pvt. Ltd.,S.P.S.A. Securities Limited,2026-04-23 13:13:44.312367
2026042304006392,SSHL,48,54,10,224.0,2240.0,Trishakti Securities Public Limited,Sewa Securities Pvt. Ltd.,2026-04-23 13:13:59.327076
2026042304006454,SSHL,42,28,500,224.4,112200.0,Sani Securities Company Ltd.,Shree Krishna Securities Ltd.,2026-04-23 13:15:49.298898
2026042304006466,SSHL,59,28,400,224.4,89760.0,Deevyaa Securities & Stock House Pvt. Ltd,Shree Krishna Securities Ltd.,2026-04-23 13:16:12.004772
2026042304006474,SSHL,57,95,300,224.3,67290.0,Aryatara Investment & Securities,Magnet Securities and Investment Company Private Limited,2026-04-23 13:16:19.145027
2026042304006481,SSHL,57,16,700,224.3,157010.0,Aryatara Investment & Securities,Primo Securities (PVT) Ltd.,2026-04-23 13:16:26.717147
2026042304006482,SSHL,56,16,300,224.2,67260.0,Sri Hari Securities Pvt. Ltd.,Primo Securities (PVT) Ltd.,2026-04-23 13:16:26.718056
2026042304006484,SSHL,57,28,100,224.4,22440.0,Aryatara Investment & Securities,Shree Krishna Securities Ltd.,2026-04-23 13:16:29.266276
2026042304006487,SSHL,57,16,100,224.4,22440.0,Aryatara Investment & Securities,Primo Securities (PVT) Ltd.,2026-04-23 13:16:41.244767
2026042304006488,SSHL,56,16,600,224.2,134520.0,Sri Hari Securities Pvt. Ltd.,Primo Securities (PVT) Ltd.,2026-04-23 13:16:41.245699
2026042304006537,SSHL,40,95,200,224.4,44880.0,Creative Securities Pvt Ltd,Magnet Securities and Investment Company Private Limited,2026-04-23 13:18:19.368093
2026042304006538,SSHL,40,38,2000,224.5,449000.0,Creative Securities Pvt Ltd,Dipshikha Dhitopatra Karobar Co. Pvt Ltd.,2026-04-23 13:18:19.369006
2026042304006539,SSHL,40,44,50,224.8,11240.0,Creative Securities Pvt Ltd,Dynamic Money Managers Securities Pvt. Ltd.,2026-04-23 13:18:19.369710
2026042304006540,SSHL,40,44,355,224.8,79804.0,Creative Securities Pvt Ltd,Dynamic Money Managers Securities Pvt. Ltd.,2026-04-23 13:18:19.370471
2026042304006541,SSHL,40,17,54,224.9,12144.6,Creative Securities Pvt Ltd,ABC Securities Private Limited,2026-04-23 13:18:19.371182
2026042304006542,SSHL,40,17,50,224.9,11245.0,Creative Securities Pvt Ltd,ABC Securities Private Limited,2026-04-23 13:18:19.371974
2026042304006543,SSHL,40,57,500,224.9,112450.0,Creative Securities Pvt Ltd,Aryatara Investment & Securities,2026-04-23 13:18:19.372692
2026042304006544,SSHL,40,50,2000,224.9,449800.0,Creative Securities Pvt Ltd,Cristal Kanchanjanga Securites Pvt. Ltd.,2026-04-23 13:18:19.373470
2026042304006545,SSHL,40,58,1110,224.9,249639.0,Creative Securities Pvt Ltd,Naasa Securities Co. Ltd.,2026-04-23 13:18:19.374219
2026042304006546,SSHL,40,34,352,224.9,79164.8,Creative Securities Pvt Ltd,Vision Securities Pvt. Ltd,2026-04-23 13:18:19.375097
2026042304006547,SSHL,40,52,800,225.0,180000.0,Creative Securities Pvt Ltd,Sundhara Securities Limited,2026-04-23 13:18:19.376067
2026042304006548,SSHL,40,14,100,225.0,22500.0,Creative Securities Pvt Ltd,Nepal Stock House (PVT) Ltd.,2026-04-23 13:18:19.376982
2026042304006549,SSHL,40,16,500,225.0,112500.0,Creative Securities Pvt Ltd,Primo Securities (PVT) Ltd.,2026-04-23 13:18:19.377922
2026042304006550,SSHL,40,1,4500,225.0,1012500.0,Creative Securities Pvt Ltd,Kumari Securities Private Limited,2026-04-23 13:18:19.378853
2026042304006551,SSHL,40,58,100,225.0,22500.0,Creative Securities Pvt Ltd,Naasa Securities Co. Ltd.,2026-04-23 13:18:19.379735
2026042304006552,SSHL,40,50,96,225.0,21600.0,Creative Securities Pvt Ltd,Cristal Kanchanjanga Securites Pvt. Ltd.,2026-04-23 13:18:19.380637
2026042304006553,SSHL,40,58,500,225.0,112500.0,Creative Securities Pvt Ltd,Naasa Securities Co. Ltd.,2026-04-23 13:18:19.381483
2026042304006554,SSHL,40,58,2000,225.0,450000.0,Creative Securities Pvt Ltd,Naasa Securities Co. Ltd.,2026-04-23 13:18:19.382363
2026042304006555,SSHL,40,57,1200,225.0,270000.0,Creative Securities Pvt Ltd,Aryatara Investment & Securities,2026-04-23 13:18:19.382788
2026042304006556,SSHL,40,38,50,225.0,11250.0,Creative Securities Pvt Ltd,Dipshikha Dhitopatra Karobar Co. Pvt Ltd.,2026-04-23 13:18:19.383014
2026042304006557,SSHL,40,7,500,225.0,112500.0,Creative Securities Pvt Ltd,J.F. Securites (PVT) Ltd.,2026-04-23 13:18:19.383255
2026042304006558,SSHL,40,92,2000,225.0,450000.0,Creative Securities Pvt Ltd,Roadshow securities limited,2026-04-23 13:18:19.383471
2026042304006559,SSHL,40,58,10,225.0,2250.0,Creative Securities Pvt Ltd,Naasa Securities Co. Ltd.,2026-04-23 13:18:19.383680
2026042304006560,SSHL,40,41,100,225.0,22500.0,Creative Securities Pvt Ltd,Linch Stock Market Ltd.,2026-04-23 13:18:19.383884
2026042304006561,SSHL,40,58,60,225.0,13500.0,Creative Securities Pvt Ltd,Naasa Securities Co. Ltd.,2026-04-23 13:18:19.384094
2026042304006567,SSHL,40,58,52,225.0,11700.0,Creative Securities Pvt Ltd,Naasa Securities Co. Ltd.,2026-04-23 13:18:40.192476
2026042304006570,SSHL,40,16,760,225.0,171000.0,Creative Securities Pvt Ltd,Primo Securities (PVT) Ltd.,2026-04-23 13:18:54.512827
2026042304006589,SSHL,34,51,100,225.3,22530.0,Vision Securities Pvt. Ltd,Oxford Securities Pvt. Ltd.,2026-04-23 13:19:34.558241
2026042304006590,SSHL,34,33,400,225.3,90120.0,Vision Securities Pvt. Ltd,Dakshinkali Investment & Securities Pvt. Ltd.,2026-04-23 13:19:34.558284
2026042304006607,SSHL,58,10,100,225.0,22500.0,Naasa Securities Co. Ltd.,Pragyan Securities (PVT) Ltd.,2026-04-23 13:19:46.427599
2026042304006616,SSHL,57,10,400,225.0,90000.0,Aryatara Investment & Securities,Pragyan Securities (PVT) Ltd.,2026-04-23 13:20:06.928512
2026042304006620,SSHL,57,11,600,225.0,135000.0,Aryatara Investment & Securities,Malla & Malla Stock Broking Company Pvt. Limited,2026-04-23 13:20:11.450241
2026042304006632,SSHL,56,11,500,225.0,112500.0,Sri Hari Securities Pvt. Ltd.,Malla & Malla Stock Broking Company Pvt. Limited,2026-04-23 13:20:29.295053
2026042304006654,SSHL,42,58,200,224.3,44860.0,Sani Securities Company Ltd.,Naasa Securities Co. Ltd.,2026-04-23 13:20:59.508360
2026042304006655,SSHL,40,58,665,224.2,149093.0,Creative Securities Pvt Ltd,Naasa Securities Co. Ltd.,2026-04-23 13:20:59.508457
2026042304006665,SSHL,58,11,10,225.0,2250.0,Naasa Securities Co. Ltd.,Malla & Malla Stock Broking Company Pvt. Limited,2026-04-23 13:21:13.276057
2026042304006687,SSHL,42,11,46,225.0,10350.0,Sani Securities Company Ltd.,Malla & Malla Stock Broking Company Pvt. Limited,2026-04-23 13:21:35.409227
2026042304006733,SSHL,57,70,50,224.3,11215.0,Aryatara Investment & Securities,Infinity Securities Limited,2026-04-23 13:22:50.629691
2026042304006734,SSHL,40,70,336,224.2,75331.2,Creative Securities Pvt Ltd,Infinity Securities Limited,2026-04-23 13:22:50.630199
2026042304006735,SSHL,56,70,66,224.2,14797.2,Sri Hari Securities Pvt. Ltd.,Infinity Securities Limited,2026-04-23 13:22:50.630455
2026042304006765,SSHL,56,39,124,224.2,27800.8,Sri Hari Securities Pvt. Ltd.,Sumeru Securities Pvt. Ltd.,2026-04-23 13:23:54.904436
2026042304006793,SSHL,56,62,310,224.2,69502.0,Sri Hari Securities Pvt. Ltd.,Capital Max Securities Ltd,2026-04-23 13:24:37.599213
2026042304006794,SSHL,84,62,90,224.1,20169.0,MILKY WAY SHARE BROKER COMPANY LTD ,Capital Max Securities Ltd,2026-04-23 13:24:37.600137
2026042304006802,SSHL,84,5,10,224.1,2241.0,MILKY WAY SHARE BROKER COMPANY LTD ,Market Securities & Exchange (PVT) Ltd.,2026-04-23 13:24:58.875473
2026042304006803,SSHL,48,5,990,224.0,221760.0,Trishakti Securities Public Limited,Market Securities & Exchange (PVT) Ltd.,2026-04-23 13:24:58.875938
2026042304006804,SSHL,48,62,300,224.0,67200.0,Trishakti Securities Public Limited,Capital Max Securities Ltd,2026-04-23 13:24:59.192622
2026042304006813,SSHL,48,4,300,224.0,67200.0,Trishakti Securities Public Limited,Opal Securities Investment (PVT) Ltd.,2026-04-23 13:25:14.082620
2026042304006826,SSHL,48,68,1400,224.0,313600.0,Trishakti Securities Public Limited,Elite Stock House Limited,2026-04-23 13:25:30.816733
2026042304006829,SSHL,44,51,450,223.5,100575.0,Dynamic Money Managers Securities Pvt. Ltd.,Oxford Securities Pvt. Ltd.,2026-04-23 13:25:34.181028
2026042304006830,SSHL,74,51,550,223.5,122925.0,KALASH STOCK MARKET PVT. LTD.,Oxford Securities Pvt. Ltd.,2026-04-23 13:25:34.181092
2026042304006846,SSHL,74,68,450,223.5,100575.0,KALASH STOCK MARKET PVT. LTD.,Elite Stock House Limited,2026-04-23 13:25:42.138233
2026042304006847,SSHL,99,68,150,223.0,33450.0,Prabhu Stock Market Limited,Elite Stock House Limited,2026-04-23 13:25:42.139167
2026042304006853,SSHL,99,42,16,223.0,3568.0,Prabhu Stock Market Limited,Sani Securities Company Ltd.,2026-04-23 13:26:00.692290
2026042304006858,SSHL,34,25,200,224.9,44980.0,Vision Securities Pvt. Ltd,Sweta Securities Private Limited,2026-04-23 13:26:11.487823
2026042304007018,SSHL,99,17,800,223.0,178400.0,Prabhu Stock Market Limited,ABC Securities Private Limited,2026-04-23 13:28:04.914902
2026042304007092,SSHL,99,71,10,223.0,2230.0,Prabhu Stock Market Limited,SHUBHAKAMANA SECURITIES PVT. LTD,2026-04-23 13:28:36.123638
2026042304007093,SSHL,42,71,24,223.0,5352.0,Sani Securities Company Ltd.,SHUBHAKAMANA SECURITIES PVT. LTD,2026-04-23 13:28:36.123741
2026042304007094,SSHL,1,71,2466,222.1,547698.6,Kumari Securities Private Limited,SHUBHAKAMANA SECURITIES PVT. LTD,2026-04-23 13:28:36.123820
2026042304007144,SSHL,1,42,534,222.1,118601.4,Kumari Securities Private Limited,Sani Securities Company Ltd.,2026-04-23 13:29:09.301718
2026042304007145,SSHL,45,42,150,222.0,33300.0,Imperial Securities Company Pvt. Ltd.,Sani Securities Company Ltd.,2026-04-23 13:29:09.302202
2026042304007146,SSHL,10,42,500,222.0,111000.0,Pragyan Securities (PVT) Ltd.,Sani Securities Company Ltd.,2026-04-23 13:29:09.302451
2026042304007147,SSHL,48,42,100,222.0,22200.0,Trishakti Securities Public Limited,Sani Securities Company Ltd.,2026-04-23 13:29:09.302662
2026042304007148,SSHL,58,42,22,222.0,4884.0,Naasa Securities Co. Ltd.,Sani Securities Company Ltd.,2026-04-23 13:29:09.302874
2026042304007149,SSHL,56,42,694,221.1,153443.4,Sri Hari Securities Pvt. Ltd.,Sani Securities Company Ltd.,2026-04-23 13:29:09.303087
2026042304007195,SSHL,56,48,306,221.1,67656.6,Sri Hari Securities Pvt. Ltd.,Trishakti Securities Public Limited,2026-04-23 13:29:55.761868
2026042304007196,SSHL,41,48,150,221.1,33165.0,Linch Stock Market Ltd.,Trishakti Securities Public Limited,2026-04-23 13:29:55.762788
2026042304007197,SSHL,41,48,500,221.0,110500.0,Linch Stock Market Ltd.,Trishakti Securities Public Limited,2026-04-23 13:29:55.763450
2026042304007198,SSHL,36,48,44,221.0,9724.0,Secured Securities Ltd.,Trishakti Securities Public Limited,2026-04-23 13:29:55.764074
2026042304007382,SSHL,36,63,210,221.0,46410.0,Secured Securities Ltd.,Himalayan Brokerage Company Limited,2026-04-23 13:32:22.148956
2026042304007425,SSHL,36,62,746,221.0,164866.0,Secured Securities Ltd.,Capital Max Securities Ltd,2026-04-23 13:33:10.364077
2026042304007426,SSHL,101,62,254,221.0,56134.0,APPLE SECURITIES PRIVATE LIMITED,Capital Max Securities Ltd,2026-04-23 13:33:10.364615
2026042304007469,SSHL,57,59,100,221.5,22150.0,Aryatara Investment & Securities,Deevyaa Securities & Stock House Pvt. Ltd,2026-04-23 13:34:33.281234
2026042304007507,SSHL,45,59,100,221.1,22110.0,Imperial Securities Company Pvt. Ltd.,Deevyaa Securities & Stock House Pvt. Ltd,2026-04-23 13:34:50.616784
2026042304007544,SSHL,101,62,246,221.0,54366.0,APPLE SECURITIES PRIVATE LIMITED,Capital Max Securities Ltd,2026-04-23 13:35:38.327327
2026042304007545,SSHL,48,62,300,221.0,66300.0,Trishakti Securities Public Limited,Capital Max Securities Ltd,2026-04-23 13:35:38.328428
2026042304007714,SSHL,36,43,100,221.0,22100.0,Secured Securities Ltd.,South Asian Bulls Pvt. Ltd.,2026-04-23 13:40:08.673590
2026042304007715,SSHL,43,43,10,221.0,2210.0,South Asian Bulls Pvt. Ltd.,South Asian Bulls Pvt. Ltd.,2026-04-23 13:40:08.674223
2026042304007778,SSHL,44,43,40,221.0,8840.0,Dynamic Money Managers Securities Pvt. Ltd.,South Asian Bulls Pvt. Ltd.,2026-04-23 13:41:54.472923
2026042304007842,SSHL,38,45,12,222.9,2674.8,Dipshikha Dhitopatra Karobar Co. Pvt Ltd.,Imperial Securities Company Pvt. Ltd.,2026-04-23 13:44:42.906069
2026042304007878,SSHL,45,43,100,221.0,22100.0,Imperial Securities Company Pvt. Ltd.,South Asian Bulls Pvt. Ltd.,2026-04-23 13:45:43.433297
2026042304007972,SSHL,59,95,300,222.9,66870.0,Deevyaa Securities & Stock House Pvt. Ltd,Magnet Securities and Investment Company Private Limited,2026-04-23 13:48:46.050097
2026042304008022,SSHL,42,35,2000,223.5,447000.0,Sani Securities Company Ltd.,Kohinoor Investment & Securities Pvt. Ltd.,2026-04-23 13:51:30.986553
2026042304008061,SSHL,42,81,700,223.0,156100.0,Sani Securities Company Ltd.,Aakashbhairab Securities Ltd.,2026-04-23 13:53:10.981544
2026042304008071,SSHL,16,45,230,223.5,51405.0,Primo Securities (PVT) Ltd.,Imperial Securities Company Pvt. Ltd.,2026-04-23 13:53:54.946995
2026042304008179,SSHL,77,48,845,222.9,188350.5,Nabil Stock Dealer Ltd.,Trishakti Securities Public Limited,2026-04-23 13:58:06.853345
2026042304008203,SSHL,77,58,200,222.9,44580.0,Nabil Stock Dealer Ltd.,Naasa Securities Co. Ltd.,2026-04-23 13:58:51.623153
2026042304008235,SSHL,3,58,10,223.0,2230.0,Arun Securities (PVT) Ltd.,Naasa Securities Co. Ltd.,2026-04-23 13:59:29.816329
2026042304008252,SSHL,77,57,30,222.9,6687.0,Nabil Stock Dealer Ltd.,Aryatara Investment & Securities,2026-04-23 14:00:01.497378
2026042304008271,SSHL,77,38,100,222.9,22290.0,Nabil Stock Dealer Ltd.,Dipshikha Dhitopatra Karobar Co. Pvt Ltd.,2026-04-23 14:00:38.735035
2026042304008294,SSHL,77,58,200,222.9,44580.0,Nabil Stock Dealer Ltd.,Naasa Securities Co. Ltd.,2026-04-23 14:01:55.522319
2026042304008345,SSHL,77,38,500,222.9,111450.0,Nabil Stock Dealer Ltd.,Dipshikha Dhitopatra Karobar Co. Pvt Ltd.,2026-04-23 14:02:32.110686
2026042304008377,SSHL,77,45,125,222.9,27862.5,Nabil Stock Dealer Ltd.,Imperial Securities Company Pvt. Ltd.,2026-04-23 14:02:39.239435
2026042304008386,SSHL,53,50,300,222.3,66690.0,Investment Management Nepal Pvt. Ltd.,Cristal Kanchanjanga Securites Pvt. Ltd.,2026-04-23 14:02:45.846585
2026042304008387,SSHL,52,50,100,222.0,22200.0,Sundhara Securities Limited,Cristal Kanchanjanga Securites Pvt. Ltd.,2026-04-23 14:02:45.847668
2026042304008388,SSHL,58,50,50,222.0,11100.0,Naasa Securities Co. Ltd.,Cristal Kanchanjanga Securites Pvt. Ltd.,2026-04-23 14:02:45.848539
2026042304008389,SSHL,49,50,10,222.0,2220.0,Online Securities Pvt. Ltd.,Cristal Kanchanjanga Securites Pvt. Ltd.,2026-04-23 14:02:45.849444
2026042304008452,SSHL,58,50,10,222.0,2220.0,Naasa Securities Co. Ltd.,Cristal Kanchanjanga Securites Pvt. Ltd.,2026-04-23 14:04:03.478057
2026042304008459,SSHL,45,45,100,221.0,22100.0,Imperial Securities Company Pvt. Ltd.,Imperial Securities Company Pvt. Ltd.,2026-04-23 14:04:24.556560
2026042304008460,SSHL,58,45,88,221.0,19448.0,Naasa Securities Co. Ltd.,Imperial Securities Company Pvt. Ltd.,2026-04-23 14:04:24.557723
2026042304008628,SSHL,58,57,500,221.0,110500.0,Naasa Securities Co. Ltd.,Aryatara Investment & Securities,2026-04-23 14:07:12.930400
2026042304008651,SSHL,58,58,200,221.0,44200.0,Naasa Securities Co. Ltd.,Naasa Securities Co. Ltd.,2026-04-23 14:08:05.913807
2026042304008726,SSHL,49,52,300,221.1,66330.0,Online Securities Pvt. Ltd.,Sundhara Securities Limited,2026-04-23 14:10:09.960323
2026042304008757,SSHL,49,44,190,221.1,42009.0,Online Securities Pvt. Ltd.,Dynamic Money Managers Securities Pvt. Ltd.,2026-04-23 14:10:28.968688
2026042304008820,SSHL,58,42,1212,221.0,267852.0,Naasa Securities Co. Ltd.,Sani Securities Company Ltd.,2026-04-23 14:11:57.854810
2026042304008821,SSHL,21,42,300,221.0,66300.0,Midas Stock Broking Company Private Limited,Sani Securities Company Ltd.,2026-04-23 14:11:57.855949
2026042304008822,SSHL,39,42,100,221.0,22100.0,Sumeru Securities Pvt. Ltd.,Sani Securities Company Ltd.,2026-04-23 14:11:57.856784
2026042304008823,SSHL,63,42,100,221.0,22100.0,Himalayan Brokerage Company Limited,Sani Securities Company Ltd.,2026-04-23 14:11:57.857643
2026042304008824,SSHL,58,42,100,221.0,22100.0,Naasa Securities Co. Ltd.,Sani Securities Company Ltd.,2026-04-23 14:11:57.858498
2026042304008925,SSHL,44,58,10,220.6,2206.0,Dynamic Money Managers Securities Pvt. Ltd.,Naasa Securities Co. Ltd.,2026-04-23 14:14:15.806662
2026042304008982,SSHL,44,42,35,220.6,7721.0,Dynamic Money Managers Securities Pvt. Ltd.,Sani Securities Company Ltd.,2026-04-23 14:15:18.008726
2026042304008983,SSHL,44,56,55,220.6,12133.0,Dynamic Money Managers Securities Pvt. Ltd.,Sri Hari Securities Pvt. Ltd.,2026-04-23 14:15:19.400625
2026042304008984,SSHL,21,56,200,220.3,44060.0,Midas Stock Broking Company Private Limited,Sri Hari Securities Pvt. Ltd.,2026-04-23 14:15:19.401184
2026042304008985,SSHL,92,56,200,220.0,44000.0,Roadshow securities limited,Sri Hari Securities Pvt. Ltd.,2026-04-23 14:15:19.401455
2026042304008986,SSHL,58,56,20,220.0,4400.0,Naasa Securities Co. Ltd.,Sri Hari Securities Pvt. Ltd.,2026-04-23 14:15:19.401705
2026042304008987,SSHL,50,56,100,220.0,22000.0,Cristal Kanchanjanga Securites Pvt. Ltd.,Sri Hari Securities Pvt. Ltd.,2026-04-23 14:15:19.401957
2026042304008988,SSHL,95,56,1000,220.0,220000.0,Magnet Securities and Investment Company Private Limited,Sri Hari Securities Pvt. Ltd.,2026-04-23 14:15:19.402203
2026042304008989,SSHL,73,56,50,220.0,11000.0,Money World Share Exchange PVT Ltd,Sri Hari Securities Pvt. Ltd.,2026-04-23 14:15:19.402452
2026042304008990,SSHL,62,56,1375,220.0,302500.0,Capital Max Securities Ltd,Sri Hari Securities Pvt. Ltd.,2026-04-23 14:15:19.403212
2026042304008996,SSHL,62,35,125,220.0,27500.0,Capital Max Securities Ltd,Kohinoor Investment & Securities Pvt. Ltd.,2026-04-23 14:15:34.260304
2026042304008997,SSHL,49,35,228,220.0,50160.0,Online Securities Pvt. Ltd.,Kohinoor Investment & Securities Pvt. Ltd.,2026-04-23 14:15:34.261409
2026042304008998,SSHL,51,35,100,220.0,22000.0,Oxford Securities Pvt. Ltd.,Kohinoor Investment & Securities Pvt. Ltd.,2026-04-23 14:15:34.262176
2026042304008999,SSHL,1,35,867,220.0,190740.0,Kumari Securities Private Limited,Kohinoor Investment & Securities Pvt. Ltd.,2026-04-23 14:15:34.262931
2026042304009084,SSHL,1,50,30,220.0,6600.0,Kumari Securities Private Limited,Cristal Kanchanjanga Securites Pvt. Ltd.,2026-04-23 14:16:28.619905
2026042304009159,SSHL,45,58,38,220.0,8360.0,Imperial Securities Company Pvt. Ltd.,Naasa Securities Co. Ltd.,2026-04-23 14:17:29.844943
2026042304009164,SSHL,45,50,70,220.0,15400.0,Imperial Securities Company Pvt. Ltd.,Cristal Kanchanjanga Securites Pvt. Ltd.,2026-04-23 14:17:45.383106
2026042304009169,SSHL,21,42,16,221.0,3536.0,Midas Stock Broking Company Private Limited,Sani Securities Company Ltd.,2026-04-23 14:17:50.724680
2026042304009297,SSHL,42,49,960,220.9,212064.0,Sani Securities Company Ltd.,Online Securities Pvt. Ltd.,2026-04-23 14:20:31.750499
2026042304009317,SSHL,38,40,100,220.5,22050.0,Dipshikha Dhitopatra Karobar Co. Pvt Ltd.,Creative Securities Pvt Ltd,2026-04-23 14:21:09.536503
2026042304009327,SSHL,38,42,400,220.5,88200.0,Dipshikha Dhitopatra Karobar Co. Pvt Ltd.,Sani Securities Company Ltd.,2026-04-23 14:21:31.086966
2026042304009328,SSHL,45,42,1892,220.0,416240.0,Imperial Securities Company Pvt. Ltd.,Sani Securities Company Ltd.,2026-04-23 14:21:31.087516
2026042304009329,SSHL,45,42,1000,220.0,220000.0,Imperial Securities Company Pvt. Ltd.,Sani Securities Company Ltd.,2026-04-23 14:21:31.087774
2026042304009330,SSHL,7,42,500,220.0,110000.0,J.F. Securites (PVT) Ltd.,Sani Securities Company Ltd.,2026-04-23 14:21:31.088046
2026042304009331,SSHL,7,42,500,220.0,110000.0,J.F. Securites (PVT) Ltd.,Sani Securities Company Ltd.,2026-04-23 14:21:31.088295
2026042304009332,SSHL,17,42,90,220.0,19800.0,ABC Securities Private Limited,Sani Securities Company Ltd.,2026-04-23 14:21:31.088552
2026042304009373,SSHL,74,42,790,220.0,173800.0,KALASH STOCK MARKET PVT. LTD.,Sani Securities Company Ltd.,2026-04-23 14:22:10.921274
2026042304009404,SSHL,22,26,10,220.0,2200.0,Siprabi Securities Pvt. Ltd.,Asian Securities Private Ltd.,2026-04-23 14:23:01.784127
2026042304009405,SSHL,58,26,100,220.0,22000.0,Naasa Securities Co. Ltd.,Asian Securities Private Ltd.,2026-04-23 14:23:05.382933
2026042304009406,SSHL,48,26,2890,220.0,635800.0,Trishakti Securities Public Limited,Asian Securities Private Ltd.,2026-04-23 14:23:08.542529
2026042304009407,SSHL,48,58,50,220.0,11000.0,Trishakti Securities Public Limited,Naasa Securities Co. Ltd.,2026-04-23 14:23:08.543084
2026042304009536,SSHL,48,33,100,220.0,22000.0,Trishakti Securities Public Limited,Dakshinkali Investment & Securities Pvt. Ltd.,2026-04-23 14:26:23.460776
2026042304009628,SSHL,34,51,495,220.1,108949.5,Vision Securities Pvt. Ltd,Oxford Securities Pvt. Ltd.,2026-04-23 14:28:14.451443
2026042304009629,SSHL,48,51,355,220.0,78100.0,Trishakti Securities Public Limited,Oxford Securities Pvt. Ltd.,2026-04-23 14:28:14.452118
2026042304009646,SSHL,48,20,18,220.0,3960.0,Trishakti Securities Public Limited,Sipla Securities Private Limited,2026-04-23 14:28:26.656961
2026042304009656,SSHL,48,39,75,220.0,16500.0,Trishakti Securities Public Limited,Sumeru Securities Pvt. Ltd.,2026-04-23 14:28:51.992782
2026042304009746,SSHL,59,59,400,220.8,88320.0,Deevyaa Securities & Stock House Pvt. Ltd,Deevyaa Securities & Stock House Pvt. Ltd,2026-04-23 14:30:47.668507
2026042304009766,SSHL,48,65,100,220.0,22000.0,Trishakti Securities Public Limited,Sharepro Securities Private Limited,2026-04-23 14:31:04.843533
2026042304010091,SSHL,45,1,50,220.9,11045.0,Imperial Securities Company Pvt. Ltd.,Kumari Securities Private Limited,2026-04-23 14:35:44.381776
2026042304010092,SSHL,45,4,200,220.9,44180.0,Imperial Securities Company Pvt. Ltd.,Opal Securities Investment (PVT) Ltd.,2026-04-23 14:35:44.382338
2026042304010113,SSHL,17,4,30,220.9,6627.0,ABC Securities Private Limited,Opal Securities Investment (PVT) Ltd.,2026-04-23 14:36:16.859671
2026042304010123,SSHL,34,4,170,220.9,37553.0,Vision Securities Pvt. Ltd,Opal Securities Investment (PVT) Ltd.,2026-04-23 14:36:22.776234
2026042304010142,SSHL,51,34,40,221.0,8840.0,Oxford Securities Pvt. Ltd.,Vision Securities Pvt. Ltd,2026-04-23 14:36:37.596555
2026042304010150,SSHL,32,34,150,221.0,33150.0,Premier Securities Company Ltd.,Vision Securities Pvt. Ltd,2026-04-23 14:36:51.950497
2026042304010151,SSHL,32,6,160,221.4,35424.0,Premier Securities Company Ltd.,Agrawal Securities (PVT) Ltd.,2026-04-23 14:36:51.951611
2026042304010152,SSHL,32,35,690,221.5,152835.0,Premier Securities Company Ltd.,Kohinoor Investment & Securities Pvt. Ltd.,2026-04-23 14:36:51.952451
2026042304010169,SSHL,34,35,35,221.5,7752.5,Vision Securities Pvt. Ltd,Kohinoor Investment & Securities Pvt. Ltd.,2026-04-23 14:37:10.624244
2026042304010183,SSHL,45,35,100,221.5,22150.0,Imperial Securities Company Pvt. Ltd.,Kohinoor Investment & Securities Pvt. Ltd.,2026-04-23 14:37:18.561223
2026042304010259,SSHL,38,35,100,220.2,22020.0,Dipshikha Dhitopatra Karobar Co. Pvt Ltd.,Kohinoor Investment & Securities Pvt. Ltd.,2026-04-23 14:38:55.888602
2026042304010260,SSHL,35,35,50,220.1,11005.0,Kohinoor Investment & Securities Pvt. Ltd.,Kohinoor Investment & Securities Pvt. Ltd.,2026-04-23 14:38:55.889792
2026042304010261,SSHL,32,35,500,220.1,110050.0,Premier Securities Company Ltd.,Kohinoor Investment & Securities Pvt. Ltd.,2026-04-23 14:38:55.890609
2026042304010262,SSHL,48,35,713,220.0,156860.0,Trishakti Securities Public Limited,Kohinoor Investment & Securities Pvt. Ltd.,2026-04-23 14:38:55.891430
2026042304010263,SSHL,34,35,100,220.0,22000.0,Vision Securities Pvt. Ltd,Kohinoor Investment & Securities Pvt. Ltd.,2026-04-23 14:38:55.892236
2026042304010264,SSHL,45,35,500,220.0,110000.0,Imperial Securities Company Pvt. Ltd.,Kohinoor Investment & Securities Pvt. Ltd.,2026-04-23 14:38:55.893044
2026042304010265,SSHL,58,35,10,220.0,2200.0,Naasa Securities Co. Ltd.,Kohinoor Investment & Securities Pvt. Ltd.,2026-04-23 14:38:55.893861
2026042304010266,SSHL,42,35,680,220.0,149600.0,Sani Securities Company Ltd.,Kohinoor Investment & Securities Pvt. Ltd.,2026-04-23 14:38:55.894706
2026042304010267,SSHL,58,35,40,220.0,8800.0,Naasa Securities Co. Ltd.,Kohinoor Investment & Securities Pvt. Ltd.,2026-04-23 14:38:55.895510
2026042304010268,SSHL,58,35,10,220.0,2200.0,Naasa Securities Co. Ltd.,Kohinoor Investment & Securities Pvt. Ltd.,2026-04-23 14:38:55.896302
2026042304010283,SSHL,52,35,100,220.0,22000.0,Sundhara Securities Limited,Kohinoor Investment & Securities Pvt. Ltd.,2026-04-23 14:39:24.538508
2026042304010293,SSHL,25,35,100,220.0,22000.0,Sweta Securities Private Limited,Kohinoor Investment & Securities Pvt. Ltd.,2026-04-23 14:39:36.376959
2026042304010306,SSHL,11,35,10,220.0,2200.0,Malla & Malla Stock Broking Company Pvt. Limited,Kohinoor Investment & Securities Pvt. Ltd.,2026-04-23 14:39:50.872607
2026042304010324,SSHL,39,35,73,219.1,15994.3,Sumeru Securities Pvt. Ltd.,Kohinoor Investment & Securities Pvt. Ltd.,2026-04-23 14:40:30.733553
2026042304010325,SSHL,38,35,14,219.1,3067.4,Dipshikha Dhitopatra Karobar Co. Pvt Ltd.,Kohinoor Investment & Securities Pvt. Ltd.,2026-04-23 14:40:30.734667
2026042304010443,SSHL,58,52,40,219.2,8768.0,Naasa Securities Co. Ltd.,Sundhara Securities Limited,2026-04-23 14:42:20.131600
2026042304010450,SSHL,11,52,10,219.2,2192.0,Malla & Malla Stock Broking Company Pvt. Limited,Sundhara Securities Limited,2026-04-23 14:42:35.029898
2026042304010455,SSHL,16,52,35,219.2,7672.0,Primo Securities (PVT) Ltd.,Sundhara Securities Limited,2026-04-23 14:42:36.488511
2026042304010475,SSHL,74,16,1000,220.0,220000.0,KALASH STOCK MARKET PVT. LTD.,Primo Securities (PVT) Ltd.,2026-04-23 14:43:05.933613
2026042304010512,SSHL,74,44,210,220.0,46200.0,KALASH STOCK MARKET PVT. LTD.,Dynamic Money Managers Securities Pvt. Ltd.,2026-04-23 14:43:28.180216
2026042304010790,SSHL,16,34,125,219.2,27400.0,Primo Securities (PVT) Ltd.,Vision Securities Pvt. Ltd,2026-04-23 14:46:06.036500
2026042304010884,SSHL,41,59,20,220.0,4400.0,Linch Stock Market Ltd.,Deevyaa Securities & Stock House Pvt. Ltd,2026-04-23 14:46:43.490591
2026042304010930,SSHL,16,49,395,219.2,86584.0,Primo Securities (PVT) Ltd.,Online Securities Pvt. Ltd.,2026-04-23 14:47:05.478493
2026042304010931,SSHL,25,49,500,219.2,109600.0,Sweta Securities Private Limited,Online Securities Pvt. Ltd.,2026-04-23 14:47:05.479051
2026042304010932,SSHL,58,49,150,219.2,32880.0,Naasa Securities Co. Ltd.,Online Securities Pvt. Ltd.,2026-04-23 14:47:05.479340
2026042304010933,SSHL,38,49,286,219.1,62662.6,Dipshikha Dhitopatra Karobar Co. Pvt Ltd.,Online Securities Pvt. Ltd.,2026-04-23 14:47:05.479612
2026042304010934,SSHL,38,49,100,219.1,21910.0,Dipshikha Dhitopatra Karobar Co. Pvt Ltd.,Online Securities Pvt. Ltd.,2026-04-23 14:47:05.479879
2026042304010935,SSHL,11,49,500,219.1,109550.0,Malla & Malla Stock Broking Company Pvt. Limited,Online Securities Pvt. Ltd.,2026-04-23 14:47:05.480168
2026042304010936,SSHL,45,49,20,219.0,4380.0,Imperial Securities Company Pvt. Ltd.,Online Securities Pvt. Ltd.,2026-04-23 14:47:05.480443
2026042304010937,SSHL,77,49,250,219.0,54750.0,Nabil Stock Dealer Ltd.,Online Securities Pvt. Ltd.,2026-04-23 14:47:05.480709
2026042304010938,SSHL,19,49,25,219.0,5475.0,Nepal Investment And Securities Trading Private Limited,Online Securities Pvt. Ltd.,2026-04-23 14:47:05.480973
2026042304010939,SSHL,39,49,910,219.0,199290.0,Sumeru Securities Pvt. Ltd.,Online Securities Pvt. Ltd.,2026-04-23 14:47:05.481240
2026042304010940,SSHL,21,49,520,219.0,113880.0,Midas Stock Broking Company Private Limited,Online Securities Pvt. Ltd.,2026-04-23 14:47:05.481509
2026042304010941,SSHL,21,49,93,219.0,20367.0,Midas Stock Broking Company Private Limited,Online Securities Pvt. Ltd.,2026-04-23 14:47:05.481774
2026042304010942,SSHL,57,49,200,219.0,43800.0,Aryatara Investment & Securities,Online Securities Pvt. Ltd.,2026-04-23 14:47:05.482036
2026042304010943,SSHL,4,49,100,219.0,21900.0,Opal Securities Investment (PVT) Ltd.,Online Securities Pvt. Ltd.,2026-04-23 14:47:05.482292
2026042304010944,SSHL,42,49,375,219.0,82125.0,Sani Securities Company Ltd.,Online Securities Pvt. Ltd.,2026-04-23 14:47:05.482604
2026042304010945,SSHL,35,49,576,219.0,126144.0,Kohinoor Investment & Securities Pvt. Ltd.,Online Securities Pvt. Ltd.,2026-04-23 14:47:05.482866
2026042304011047,SSHL,35,89,29,219.0,6351.0,Kohinoor Investment & Securities Pvt. Ltd.,Global IME Securities Limited,2026-04-23 14:47:59.757096
2026042304011048,SSHL,74,89,171,219.0,37449.0,KALASH STOCK MARKET PVT. LTD.,Global IME Securities Limited,2026-04-23 14:47:59.758240
2026042304011071,SSHL,74,67,1128,219.0,247032.0,KALASH STOCK MARKET PVT. LTD.,Property Wiard Limited,2026-04-23 14:48:15.222746
2026042304011072,SSHL,42,67,200,219.0,43800.0,Sani Securities Company Ltd.,Property Wiard Limited,2026-04-23 14:48:15.223841
2026042304011073,SSHL,50,67,281,219.0,61539.0,Cristal Kanchanjanga Securites Pvt. Ltd.,Property Wiard Limited,2026-04-23 14:48:15.224674
2026042304011158,SSHL,57,59,10,220.0,2200.0,Aryatara Investment & Securities,Deevyaa Securities & Stock House Pvt. Ltd,2026-04-23 14:48:42.758762
2026042304011161,SSHL,50,86,719,219.0,157461.0,Cristal Kanchanjanga Securites Pvt. Ltd.,Stoxkarts Securities Limited,2026-04-23 14:48:46.364994
2026042304011162,SSHL,57,86,70,218.9,15323.0,Aryatara Investment & Securities,Stoxkarts Securities Limited,2026-04-23 14:48:46.365602
2026042304011163,SSHL,6,86,50,218.9,10945.0,Agrawal Securities (PVT) Ltd.,Stoxkarts Securities Limited,2026-04-23 14:48:46.365916
2026042304011248,SSHL,58,86,320,218.5,69920.0,Naasa Securities Co. Ltd.,Stoxkarts Securities Limited,2026-04-23 14:49:04.265844
2026042304011283,SSHL,4,48,100,218.4,21840.0,Opal Securities Investment (PVT) Ltd.,Trishakti Securities Public Limited,2026-04-23 14:49:24.756993
2026042304011369,SSHL,52,86,100,218.5,21850.0,Sundhara Securities Limited,Stoxkarts Securities Limited,2026-04-23 14:49:45.120341
2026042304011371,SSHL,4,45,800,218.4,174720.0,Opal Securities Investment (PVT) Ltd.,Imperial Securities Company Pvt. Ltd.,2026-04-23 14:49:45.986638
2026042304011524,SSHL,58,86,50,218.5,10925.0,Naasa Securities Co. Ltd.,Stoxkarts Securities Limited,2026-04-23 14:50:03.125171
2026042304011663,SSHL,4,67,100,218.4,21840.0,Opal Securities Investment (PVT) Ltd.,Property Wiard Limited,2026-04-23 14:51:03.479021
2026042304011664,SSHL,16,67,900,218.4,196560.0,Primo Securities (PVT) Ltd.,Property Wiard Limited,2026-04-23 14:51:03.479610
2026042304011746,SSHL,16,35,100,218.4,21840.0,Primo Securities (PVT) Ltd.,Kohinoor Investment & Securities Pvt. Ltd.,2026-04-23 14:51:28.755878
2026042304011747,SSHL,58,35,78,218.4,17035.2,Naasa Securities Co. Ltd.,Kohinoor Investment & Securities Pvt. Ltd.,2026-04-23 14:51:28.756461
2026042304011748,SSHL,32,35,10,218.4,2184.0,Premier Securities Company Ltd.,Kohinoor Investment & Securities Pvt. Ltd.,2026-04-23 14:51:28.756738
2026042304011749,SSHL,34,35,50,218.3,10915.0,Vision Securities Pvt. Ltd,Kohinoor Investment & Securities Pvt. Ltd.,2026-04-23 14:51:28.757015
2026042304011750,SSHL,28,35,200,218.2,43640.0,Shree Krishna Securities Ltd.,Kohinoor Investment & Securities Pvt. Ltd.,2026-04-23 14:51:28.757345
2026042304011751,SSHL,16,35,62,218.1,13522.2,Primo Securities (PVT) Ltd.,Kohinoor Investment & Securities Pvt. Ltd.,2026-04-23 14:51:28.757769
2026042304011828,SSHL,16,36,938,218.1,204577.8,Primo Securities (PVT) Ltd.,Secured Securities Ltd.,2026-04-23 14:52:00.698374
2026042304011873,SSHL,10,33,645,218.0,140610.0,Pragyan Securities (PVT) Ltd.,Dakshinkali Investment & Securities Pvt. Ltd.,2026-04-23 14:52:20.096443
2026042304011874,SSHL,49,33,40,218.0,8720.0,Online Securities Pvt. Ltd.,Dakshinkali Investment & Securities Pvt. Ltd.,2026-04-23 14:52:20.097000
2026042304011875,SSHL,58,33,15,218.0,3270.0,Naasa Securities Co. Ltd.,Dakshinkali Investment & Securities Pvt. Ltd.,2026-04-23 14:52:20.097294
2026042304011900,SSHL,28,36,62,218.1,13522.2,Shree Krishna Securities Ltd.,Secured Securities Ltd.,2026-04-23 14:52:36.030677
2026042304011938,SSHL,28,73,10,218.1,2181.0,Shree Krishna Securities Ltd.,Money World Share Exchange PVT Ltd,2026-04-23 14:52:53.224741
2026042304011941,SSHL,29,86,300,218.5,65550.0,Trisul Securities & Invt. Ltd.,Stoxkarts Securities Limited,2026-04-23 14:52:55.976692
2026042304011988,SSHL,28,43,428,218.1,93346.8,Shree Krishna Securities Ltd.,South Asian Bulls Pvt. Ltd.,2026-04-23 14:53:21.667488
2026042304011989,SSHL,16,43,72,218.1,15703.2,Primo Securities (PVT) Ltd.,South Asian Bulls Pvt. Ltd.,2026-04-23 14:53:21.668046
2026042304012042,SSHL,16,50,200,218.1,43620.0,Primo Securities (PVT) Ltd.,Cristal Kanchanjanga Securites Pvt. Ltd.,2026-04-23 14:53:46.176095
2026042304012065,SSHL,16,58,50,218.1,10905.0,Primo Securities (PVT) Ltd.,Naasa Securities Co. Ltd.,2026-04-23 14:53:50.441806
2026042304012110,SSHL,50,86,135,218.5,29497.5,Cristal Kanchanjanga Securites Pvt. Ltd.,Stoxkarts Securities Limited,2026-04-23 14:54:02.768707
2026042304012143,SSHL,58,86,200,218.5,43700.0,Naasa Securities Co. Ltd.,Stoxkarts Securities Limited,2026-04-23 14:54:14.103371
2026042304012186,SSHL,25,86,50,218.5,10925.0,Sweta Securities Private Limited,Stoxkarts Securities Limited,2026-04-23 14:54:28.035825
2026042304012214,SSHL,16,58,50,218.1,10905.0,Primo Securities (PVT) Ltd.,Naasa Securities Co. Ltd.,2026-04-23 14:54:38.927902
2026042304012553,SSHL,58,50,200,219.0,43800.0,Naasa Securities Co. Ltd.,Cristal Kanchanjanga Securites Pvt. Ltd.,2026-04-23 14:56:26.037160
2026042304012580,SSHL,34,7,100,219.1,21910.0,Vision Securities Pvt. Ltd,J.F. Securites (PVT) Ltd.,2026-04-23 14:56:36.522519
2026042304012687,SSHL,34,59,900,219.1,197190.0,Vision Securities Pvt. Ltd,Deevyaa Securities & Stock House Pvt. Ltd,2026-04-23 14:57:02.163870
2026042304012688,SSHL,58,59,435,219.0,95265.0,Naasa Securities Co. Ltd.,Deevyaa Securities & Stock House Pvt. Ltd,2026-04-23 14:57:02.165363
2026042304012689,SSHL,4,59,230,219.0,50370.0,Opal Securities Investment (PVT) Ltd.,Deevyaa Securities & Stock House Pvt. Ltd,2026-04-23 14:57:02.166615
2026042304012784,SSHL,34,6,200,218.5,43700.0,Vision Securities Pvt. Ltd,Agrawal Securities (PVT) Ltd.,2026-04-23 14:57:33.902739
2026042304012785,SSHL,45,6,500,218.5,109250.0,Imperial Securities Company Pvt. Ltd.,Agrawal Securities (PVT) Ltd.,2026-04-23 14:57:33.903280
2026042304012786,SSHL,58,6,200,218.3,43660.0,Naasa Securities Co. Ltd.,Agrawal Securities (PVT) Ltd.,2026-04-23 14:57:33.903579
2026042304012787,SSHL,36,6,500,218.3,109150.0,Secured Securities Ltd.,Agrawal Securities (PVT) Ltd.,2026-04-23 14:57:33.903888
2026042304012788,SSHL,16,6,600,218.3,130980.0,Primo Securities (PVT) Ltd.,Agrawal Securities (PVT) Ltd.,2026-04-23 14:57:33.904170
2026042304012790,SSHL,4,59,1000,219.0,219000.0,Opal Securities Investment (PVT) Ltd.,Deevyaa Securities & Stock House Pvt. Ltd,2026-04-23 14:57:36.262092
2026042304012860,SSHL,34,59,56,219.0,12264.0,Vision Securities Pvt. Ltd,Deevyaa Securities & Stock House Pvt. Ltd,2026-04-23 14:58:04.138117
2026042304012864,SSHL,21,34,50,218.9,10945.0,Midas Stock Broking Company Private Limited,Vision Securities Pvt. Ltd,2026-04-23 14:58:06.008070
2026042304012888,SSHL,21,11,70,218.9,15323.0,Midas Stock Broking Company Private Limited,Malla & Malla Stock Broking Company Pvt. Limited,2026-04-23 14:58:12.362168
2026042304012889,SSHL,41,11,500,218.5,109250.0,Linch Stock Market Ltd.,Malla & Malla Stock Broking Company Pvt. Limited,2026-04-23 14:58:12.362782
2026042304012890,SSHL,34,11,200,218.5,43700.0,Vision Securities Pvt. Ltd,Malla & Malla Stock Broking Company Pvt. Limited,2026-04-23 14:58:12.363209
2026042304012891,SSHL,16,11,28,218.3,6112.4,Primo Securities (PVT) Ltd.,Malla & Malla Stock Broking Company Pvt. Limited,2026-04-23 14:58:12.363551
2026042304012892,SSHL,32,11,2000,218.3,436600.0,Premier Securities Company Ltd.,Malla & Malla Stock Broking Company Pvt. Limited,2026-04-23 14:58:12.363875
2026042304012893,SSHL,57,11,202,218.2,44076.4,Aryatara Investment & Securities,Malla & Malla Stock Broking Company Pvt. Limited,2026-04-23 14:58:12.364183
2026042304013030,SSHL,58,59,10,219.0,2190.0,Naasa Securities Co. Ltd.,Deevyaa Securities & Stock House Pvt. Ltd,2026-04-23 14:58:41.716724
2026042304013039,SSHL,59,59,45,219.0,9855.0,Deevyaa Securities & Stock House Pvt. Ltd,Deevyaa Securities & Stock House Pvt. Ltd,2026-04-23 14:58:43.164438
2026042304013045,SSHL,59,82,500,218.3,109150.0,Deevyaa Securities & Stock House Pvt. Ltd,N.M.B. SECURITIES LIMITED,2026-04-23 14:58:44.030245
2026042304013046,SSHL,57,82,298,218.2,65023.6,Aryatara Investment & Securities,N.M.B. SECURITIES LIMITED,2026-04-23 14:58:44.031584
2026042304013047,SSHL,8,82,2000,218.2,436400.0,Brilliant Securities Pvt. Ltd.,N.M.B. SECURITIES LIMITED,2026-04-23 14:58:44.032789
2026042304013048,SSHL,29,82,202,218.2,44076.4,Trisul Securities & Invt. Ltd.,N.M.B. SECURITIES LIMITED,2026-04-23 14:58:44.033934
2026042304013206,SSHL,58,59,1000,219.0,219000.0,Naasa Securities Co. Ltd.,Deevyaa Securities & Stock House Pvt. Ltd,2026-04-23 14:59:19.808342
2026042304013320,SSHL,22,59,30,219.0,6570.0,Siprabi Securities Pvt. Ltd.,Deevyaa Securities & Stock House Pvt. Ltd,2026-04-23 14:59:22.629019
2026042304013355,SSHL,29,34,298,218.2,65023.6,Trisul Securities & Invt. Ltd.,Vision Securities Pvt. Ltd,2026-04-23 14:59:25.602736
2026042304013356,SSHL,25,34,194,218.2,42330.8,Sweta Securities Private Limited,Vision Securities Pvt. Ltd,2026-04-23 14:59:25.603325
2026042304013381,SSHL,58,59,50,219.0,10950.0,Naasa Securities Co. Ltd.,Deevyaa Securities & Stock House Pvt. Ltd,2026-04-23 14:59:29.784472
2026042304013458,SSHL,25,59,206,218.2,44949.2,Sweta Securities Private Limited,Deevyaa Securities & Stock House Pvt. Ltd,2026-04-23 14:59:36.498284
2026042304013459,SSHL,16,59,1000,218.2,218200.0,Primo Securities (PVT) Ltd.,Deevyaa Securities & Stock House Pvt. Ltd,2026-04-23 14:59:36.499540
2026042304013460,SSHL,87,59,64,218.2,13964.8,S.P.S.A. Securities Limited,Deevyaa Securities & Stock House Pvt. Ltd,2026-04-23 14:59:36.500462
2026042304013492,SSHL,57,59,844,219.0,184836.0,Aryatara Investment & Securities,Deevyaa Securities & Stock House Pvt. Ltd,2026-04-23 14:59:41.573583
2026042304013493,SSHL,57,57,100,219.0,21900.0,Aryatara Investment & Securities,Aryatara Investment & Securities,2026-04-23 14:59:41.574245
2026042304013494,SSHL,57,54,1000,219.0,219000.0,Aryatara Investment & Securities,Sewa Securities Pvt. Ltd.,2026-04-23 14:59:41.574703
2026042304013495,SSHL,57,39,56,219.0,12264.0,Aryatara Investment & Securities,Sumeru Securities Pvt. Ltd.,2026-04-23 14:59:41.575019
2026042304013585,SSHL,36,93,500,218.3,109150.0,Secured Securities Ltd.,Beni Securities Pvt.Ltd.,2026-04-23 14:59:56.971294
2026042304013586,SSHL,56,93,1000,218.3,218300.0,Sri Hari Securities Pvt. Ltd.,Beni Securities Pvt.Ltd.,2026-04-23 14:59:56.971843
2026042304013587,SSHL,87,93,336,218.2,73315.2,S.P.S.A. Securities Limited,Beni Securities Pvt.Ltd.,2026-04-23 14:59:56.972142
2026042304013588,SSHL,52,93,200,218.2,43640.0,Sundhara Securities Limited,Beni Securities Pvt.Ltd.,2026-04-23 14:59:56.972441
2026042304013589,SSHL,29,93,224,218.2,48876.8,Trisul Securities & Invt. Ltd.,Beni Securities Pvt.Ltd.,2026-04-23 14:59:56.972732
2026042304013622,SSHL,38,22,200,218.5,43700.0,Dipshikha Dhitopatra Karobar Co. Pvt Ltd.,Siprabi Securities Pvt. Ltd.,2026-04-23 14:59:58.051423
