Date,S.N.,Contract ID,Symbol,Buyer Broker,Seller Broker,quantity,rate,amount,transaction_time
2025-07-21,138557,2025072104000088,NHPC,Infinity Securities Limited,Opal Securities Investment (PVT) Ltd.,10,221.5,2215.0,2025-07-21 11:00:42.460885
2025-07-21,137453,2025072104000618,NHPC,Aryatara Investment & Securities,Aryatara Investment & Securities,30,222.0,6660.0,2025-07-21 11:02:57.008918
2025-07-21,137282,2025072104000689,NHPC,Aryatara Investment & Securities,NIMB Stock Markets Limited,225,222.0,49950.0,2025-07-21 11:03:15.799503
2025-07-21,137281,2025072104000690,NHPC,Aryatara Investment & Securities,NIMB Stock Markets Limited,250,221.7,55425.0,2025-07-21 11:03:15.799585
2025-07-21,137280,2025072104000691,NHPC,Infinity Securities Limited,NIMB Stock Markets Limited,490,221.5,108535.0,2025-07-21 11:03:15.799618
2025-07-21,137279,2025072104000692,NHPC,Thrive Brokerage House Pvt. Ltd,NIMB Stock Markets Limited,200,220.0,44000.0,2025-07-21 11:03:15.799647
2025-07-21,136558,2025072104000996,NHPC,J.F. Securites (PVT) Ltd.,NIMB Stock Markets Limited,835,220.0,183700.0,2025-07-21 11:04:37.087897
2025-07-21,135964,2025072104001221,NHPC,Vision Securities Pvt. Ltd,Sani Securities Company Ltd.,10,222.2,2222.0,2025-07-21 11:05:33.787586
2025-07-21,135963,2025072104001222,NHPC,J.F. Securites (PVT) Ltd.,Sani Securities Company Ltd.,20,220.0,4400.0,2025-07-21 11:05:33.787677
2025-07-21,135072,2025072104001529,NHPC,J.F. Securites (PVT) Ltd.,Online Securities Pvt. Ltd.,30,220.0,6600.0,2025-07-21 11:06:58.759920
2025-07-21,135071,2025072104001530,NHPC,J.F. Securites (PVT) Ltd.,NIMB Stock Markets Limited,15,220.0,3300.0,2025-07-21 11:06:58.995109
2025-07-21,135070,2025072104001531,NHPC,Linch Stock Market Ltd.,NIMB Stock Markets Limited,10,220.0,2200.0,2025-07-21 11:06:58.995186
2025-07-21,135069,2025072104001532,NHPC,Naasa Securities Co. Ltd.,NIMB Stock Markets Limited,200,218.4,43680.0,2025-07-21 11:06:58.995240
2025-07-21,135068,2025072104001533,NHPC,Vision Securities Pvt. Ltd,NIMB Stock Markets Limited,1000,218.3,218300.0,2025-07-21 11:06:58.995288
2025-07-21,135067,2025072104001534,NHPC,Investment Management Nepal Pvt. Ltd.,NIMB Stock Markets Limited,500,218.2,109100.0,2025-07-21 11:06:58.995329
2025-07-21,135066,2025072104001535,NHPC,Premier Securities Company Ltd.,NIMB Stock Markets Limited,200,218.2,43640.0,2025-07-21 11:06:58.995381
2025-07-21,135065,2025072104001536,NHPC,Cristal Kanchanjanga Securites Pvt. Ltd.,NIMB Stock Markets Limited,1000,218.1,218100.0,2025-07-21 11:06:58.995416
2025-07-21,135064,2025072104001537,NHPC,Creative Securities Pvt Ltd,NIMB Stock Markets Limited,444,218.0,96792.0,2025-07-21 11:06:58.995447
2025-07-21,135063,2025072104001538,NHPC,Siprabi Securities Pvt. Ltd.,NIMB Stock Markets Limited,10,218.0,2180.0,2025-07-21 11:06:58.995480
2025-07-21,134900,2025072104001593,NHPC,Opal Securities Investment (PVT) Ltd.,NIMB Stock Markets Limited,200,218.0,43600.0,2025-07-21 11:07:09.797817
2025-07-21,134587,2025072104001734,NHPC,Aryatara Investment & Securities,NIMB Stock Markets Limited,500,218.0,109000.0,2025-07-21 11:07:33.671095
2025-07-21,134475,2025072104001762,NHPC,Imperial Securities Company Pvt. Ltd.,Siprabi Securities Pvt. Ltd.,500,217.5,108750.0,2025-07-21 11:07:43.891611
2025-07-21,134468,2025072104001765,NHPC,Vision Securities Pvt. Ltd,NIMB Stock Markets Limited,921,218.0,200778.0,2025-07-21 11:07:44.509029
2025-07-21,133897,2025072104001929,NHPC,Online Securities Pvt. Ltd.,Nepal Stock House (PVT) Ltd.,500,218.1,109050.0,2025-07-21 11:08:33.650882
2025-07-21,133513,2025072104002053,NHPC,Vision Securities Pvt. Ltd,South Asian Bulls Pvt. Ltd.,79,218.0,17222.0,2025-07-21 11:09:11.197918
2025-07-21,133512,2025072104002054,NHPC,Kumari Securities Private Limited,South Asian Bulls Pvt. Ltd.,1000,218.0,218000.0,2025-07-21 11:09:11.198039
2025-07-21,133511,2025072104002055,NHPC,Naasa Securities Co. Ltd.,South Asian Bulls Pvt. Ltd.,421,218.0,91778.0,2025-07-21 11:09:11.198076
2025-07-21,133416,2025072104002086,NHPC,Online Securities Pvt. Ltd.,South Asian Bulls Pvt. Ltd.,500,218.1,109050.0,2025-07-21 11:09:19.995634
2025-07-21,133415,2025072104002087,NHPC,Naasa Securities Co. Ltd.,South Asian Bulls Pvt. Ltd.,1000,218.0,218000.0,2025-07-21 11:09:19.995733
2025-07-21,133279,2025072104002132,NHPC,Naasa Securities Co. Ltd.,South Asian Bulls Pvt. Ltd.,79,218.0,17222.0,2025-07-21 11:09:32.263854
2025-07-21,133278,2025072104002133,NHPC,Thrive Brokerage House Pvt. Ltd,South Asian Bulls Pvt. Ltd.,200,218.0,43600.0,2025-07-21 11:09:32.263971
2025-07-21,133277,2025072104002134,NHPC,Dipshikha Dhitopatra Karobar Co. Pvt Ltd.,South Asian Bulls Pvt. Ltd.,100,218.0,21800.0,2025-07-21 11:09:32.264008
2025-07-21,133038,2025072104002196,NHPC,Vision Securities Pvt. Ltd,South Asian Bulls Pvt. Ltd.,500,218.0,109000.0,2025-07-21 11:09:49.823909
2025-07-21,133004,2025072104002201,NHPC,J.F. Securites (PVT) Ltd.,South Asian Bulls Pvt. Ltd.,93,218.0,20274.0,2025-07-21 11:09:52.729118
2025-07-21,132641,2025072104002311,NHPC,Sani Securities Company Ltd.,Bhrikuti Stock Broking Co. Pvt. Ltd.,10,219.9,2199.0,2025-07-21 11:10:28.266530
2025-07-21,132174,2025072104002452,NHPC,J.F. Securites (PVT) Ltd.,KALASH STOCK MARKET PVT. LTD.,200,218.0,43600.0,2025-07-21 11:11:04.979127
2025-07-21,131602,2025072104002602,NHPC,Online Securities Pvt. Ltd.,NIMB Stock Markets Limited,2000,218.9,437800.0,2025-07-21 11:11:47.582992
2025-07-21,131451,2025072104002652,NHPC,Online Securities Pvt. Ltd.,NIMB Stock Markets Limited,2000,218.9,437800.0,2025-07-21 11:11:55.825236
2025-07-21,131345,2025072104002678,NHPC,Naasa Securities Co. Ltd.,NIMB Stock Markets Limited,50,218.9,10945.0,2025-07-21 11:12:02.538952
2025-07-21,131157,2025072104002735,NHPC,Kohinoor Investment & Securities Pvt. Ltd.,Bhrikuti Stock Broking Co. Pvt. Ltd.,539,218.2,117609.8,2025-07-21 11:12:15.998025
2025-07-21,130256,2025072104002965,NHPC,Agrawal Securities (PVT) Ltd.,NIMB Stock Markets Limited,70,218.9,15323.0,2025-07-21 11:13:12.318006
2025-07-21,130255,2025072104002966,NHPC,Agrawal Securities (PVT) Ltd.,Pragyan Securities (PVT) Ltd.,1041,219.9,228915.9,2025-07-21 11:13:12.318093
2025-07-21,129829,2025072104003087,NHPC,Premier Securities Company Ltd.,Pragyan Securities (PVT) Ltd.,59,219.9,12974.1,2025-07-21 11:13:39.471230
2025-07-21,129828,2025072104003088,NHPC,Premier Securities Company Ltd.,Creative Securities Pvt Ltd,41,220.0,9020.0,2025-07-21 11:13:39.471337
2025-07-21,128625,2025072104003424,NHPC,Agrawal Securities (PVT) Ltd.,Creative Securities Pvt Ltd,49,220.0,10780.0,2025-07-21 11:14:56.691940
2025-07-21,128624,2025072104003425,NHPC,Agrawal Securities (PVT) Ltd.,Opal Securities Investment (PVT) Ltd.,200,220.0,44000.0,2025-07-21 11:14:56.692017
2025-07-21,128623,2025072104003426,NHPC,Agrawal Securities (PVT) Ltd.,Linch Stock Market Ltd.,100,220.0,22000.0,2025-07-21 11:14:56.692049
2025-07-21,128622,2025072104003427,NHPC,Agrawal Securities (PVT) Ltd.,Sri Hari Securities Pvt. Ltd.,401,222.8,89342.8,2025-07-21 11:14:56.692090
2025-07-21,127602,2025072104003718,NHPC,Aryatara Investment & Securities,Imperial Securities Company Pvt. Ltd.,200,222.7,44540.0,2025-07-21 11:16:23.265160
2025-07-21,127319,2025072104003785,NHPC,Aryatara Investment & Securities,Imperial Securities Company Pvt. Ltd.,300,222.7,66810.0,2025-07-21 11:16:47.738848
2025-07-21,127049,2025072104003850,NHPC,Aryatara Investment & Securities,Sri Hari Securities Pvt. Ltd.,99,222.8,22057.2,2025-07-21 11:17:08.538611
2025-07-21,126962,2025072104003877,NHPC,Infinity Securities Limited,Dipshikha Dhitopatra Karobar Co. Pvt Ltd.,10,223.5,2235.0,2025-07-21 11:17:14.711346
2025-07-21,126961,2025072104003878,NHPC,Infinity Securities Limited,Elite Stock House Limited,500,224.0,112000.0,2025-07-21 11:17:14.711396
2025-07-21,126960,2025072104003879,NHPC,Infinity Securities Limited,Nepal Stock House (PVT) Ltd.,20,224.0,4480.0,2025-07-21 11:17:14.711426
2025-07-21,126959,2025072104003880,NHPC,Infinity Securities Limited,Premier Securities Company Ltd.,266,224.0,59584.0,2025-07-21 11:17:14.711449
2025-07-21,126958,2025072104003881,NHPC,Infinity Securities Limited,Nabil Stock Dealer Ltd.,1000,224.0,224000.0,2025-07-21 11:17:14.711470
2025-07-21,126957,2025072104003882,NHPC,Infinity Securities Limited,Investment Management Nepal Pvt. Ltd.,200,224.0,44800.0,2025-07-21 11:17:14.711513
2025-07-21,126841,2025072104003916,NHPC,Infinity Securities Limited,J.F. Securites (PVT) Ltd.,40,224.0,8960.0,2025-07-21 11:17:24.729625
2025-07-21,126772,2025072104003935,NHPC,Infinity Securities Limited,J.F. Securites (PVT) Ltd.,10,224.0,2240.0,2025-07-21 11:17:32.749033
2025-07-21,125912,2025072104004201,NHPC,Midas Stock Broking Company Private Limited,Imperial Securities Company Pvt. Ltd.,555,223.0,123765.0,2025-07-21 11:18:40.475612
2025-07-21,125512,2025072104004356,NHPC,Midas Stock Broking Company Private Limited,Imperial Securities Company Pvt. Ltd.,445,223.0,99235.0,2025-07-21 11:19:14.235550
2025-07-21,125469,2025072104004367,NHPC,Bhrikuti Stock Broking Co. Pvt. Ltd.,Imperial Securities Company Pvt. Ltd.,20,223.0,4460.0,2025-07-21 11:19:19.182442
2025-07-21,123874,2025072104004863,NHPC,Investment Management Nepal Pvt. Ltd.,Online Securities Pvt. Ltd.,10,220.1,2201.0,2025-07-21 11:21:20.770552
2025-07-21,123873,2025072104004864,NHPC,Secured Securities Ltd.,Online Securities Pvt. Ltd.,30,220.0,6600.0,2025-07-21 11:21:20.770659
2025-07-21,123621,2025072104004953,NHPC,Secured Securities Ltd.,Naasa Securities Co. Ltd.,470,220.0,103400.0,2025-07-21 11:21:40.459104
2025-07-21,123143,2025072104005110,NHPC,Sri Hari Securities Pvt. Ltd.,Naasa Securities Co. Ltd.,120,220.0,26400.0,2025-07-21 11:22:15.935468
2025-07-21,122599,2025072104005259,NHPC,Linch Stock Market Ltd.,Naasa Securities Co. Ltd.,225,220.0,49500.0,2025-07-21 11:22:59.914243
2025-07-21,121387,2025072104005579,NHPC,Miyo Securities Pvt Ltd,Sagarmatha Securities Private Limited,328,220.0,72160.0,2025-07-21 11:24:53.604285
2025-07-21,121029,2025072104005662,NHPC,Arun Securities (PVT) Ltd.,Sagarmatha Securities Private Limited,500,220.0,110000.0,2025-07-21 11:25:27.230688
2025-07-21,120880,2025072104005697,NHPC,Arun Securities (PVT) Ltd.,Sagarmatha Securities Private Limited,500,220.0,110000.0,2025-07-21 11:25:44.808993
2025-07-21,120789,2025072104005708,NHPC,Aryatara Investment & Securities,Sagarmatha Securities Private Limited,500,220.0,110000.0,2025-07-21 11:25:54.501811
2025-07-21,120510,2025072104005753,NHPC,Aryatara Investment & Securities,Sagarmatha Securities Private Limited,400,220.0,88000.0,2025-07-21 11:26:29.037990
2025-07-21,120256,2025072104005809,NHPC,Arun Securities (PVT) Ltd.,Sagarmatha Securities Private Limited,72,220.0,15840.0,2025-07-21 11:27:03.453730
2025-07-21,119722,2025072104005941,NHPC,Secured Securities Ltd.,Naasa Securities Co. Ltd.,30,221.9,6657.0,2025-07-21 11:28:13.500430
2025-07-21,117949,2025072104006387,NHPC,Malla & Malla Stock Broking Company Pvt. Limited,Oxford Securities Pvt. Ltd.,10,220.1,2201.0,2025-07-21 11:32:02.464621
2025-07-21,117929,2025072104006399,NHPC,Linch Stock Market Ltd.,Deevyaa Securities & Stock House Pvt. Ltd,45,221.0,9945.0,2025-07-21 11:32:04.040400
2025-07-21,117416,2025072104006523,NHPC,SUN SECURITIES PVT LTD,Deevyaa Securities & Stock House Pvt. Ltd,400,221.0,88400.0,2025-07-21 11:32:56.943458
2025-07-21,116639,2025072104006728,NHPC,South Asian Bulls Pvt. Ltd.,Deevyaa Securities & Stock House Pvt. Ltd,50,221.0,11050.0,2025-07-21 11:34:14.955458
2025-07-21,114742,2025072104007102,NHPC,Aryatara Investment & Securities,Opal Securities Investment (PVT) Ltd.,10,220.5,2205.0,2025-07-21 11:37:15.982735
2025-07-21,114741,2025072104007103,NHPC,Malla & Malla Stock Broking Company Pvt. Limited,Opal Securities Investment (PVT) Ltd.,90,220.5,19845.0,2025-07-21 11:37:15.982890
2025-07-21,114740,2025072104007104,NHPC,Sewa Securities Pvt. Ltd.,Opal Securities Investment (PVT) Ltd.,135,220.4,29754.0,2025-07-21 11:37:15.982973
2025-07-21,113399,2025072104007416,NHPC,Sumeru Securities Pvt. Ltd.,Siprabi Securities Pvt. Ltd.,100,221.0,22100.0,2025-07-21 11:39:26.522754
2025-07-21,113398,2025072104007417,NHPC,Sumeru Securities Pvt. Ltd.,Asian Securities Private Ltd.,400,221.0,88400.0,2025-07-21 11:39:26.522892
2025-07-21,113138,2025072104007472,NHPC,Trishakti Securities Public Limited,Bhrikuti Stock Broking Co. Pvt. Ltd.,23,220.5,5071.5,2025-07-21 11:40:01.416365
2025-07-21,112227,2025072104007631,NHPC,KALASH STOCK MARKET PVT. LTD.,Asian Securities Private Ltd.,100,221.0,22100.0,2025-07-21 11:41:48.017254
2025-07-21,111201,2025072104007811,NHPC,Online Securities Pvt. Ltd.,Asian Securities Private Ltd.,361,221.0,79781.0,2025-07-21 11:43:36.770903
2025-07-21,110489,2025072104007926,NHPC,Linch Stock Market Ltd.,Asian Securities Private Ltd.,500,221.0,110500.0,2025-07-21 11:44:31.052277
2025-07-21,110234,2025072104007973,NHPC,ABC Securities Private Limited,Asian Securities Private Ltd.,500,221.0,110500.0,2025-07-21 11:44:56.839404
2025-07-21,110147,2025072104008000,NHPC,SUN SECURITIES PVT LTD,Asian Securities Private Ltd.,139,221.0,30719.0,2025-07-21 11:45:09.044641
2025-07-21,110146,2025072104008001,NHPC,SUN SECURITIES PVT LTD,Dynamic Money Managers Securities Pvt. Ltd.,200,221.0,44200.0,2025-07-21 11:45:09.044785
2025-07-21,109255,2025072104008199,NHPC,SUN SECURITIES PVT LTD,Trishakti Securities Public Limited,100,221.8,22180.0,2025-07-21 11:46:33.310178
2025-07-21,109254,2025072104008200,NHPC,SUN SECURITIES PVT LTD,Naasa Securities Co. Ltd.,298,221.9,66126.2,2025-07-21 11:46:33.310507
2025-07-21,109253,2025072104008201,NHPC,SUN SECURITIES PVT LTD,Kumari Securities Private Limited,263,221.9,58359.7,2025-07-21 11:46:33.310768
2025-07-21,108912,2025072104008291,NHPC,SUN SECURITIES PVT LTD,Kumari Securities Private Limited,300,221.9,66570.0,2025-07-21 11:47:05.429384
2025-07-21,108893,2025072104008301,NHPC,Trishakti Securities Public Limited,Kumari Securities Private Limited,27,221.9,5991.3,2025-07-21 11:47:06.815026
2025-07-21,108867,2025072104008308,NHPC,Dynamic Money Managers Securities Pvt. Ltd.,Kumari Securities Private Limited,1410,221.9,312879.0,2025-07-21 11:47:09.229359
2025-07-21,108866,2025072104008309,NHPC,Dynamic Money Managers Securities Pvt. Ltd.,Dipshikha Dhitopatra Karobar Co. Pvt Ltd.,300,222.0,66600.0,2025-07-21 11:47:09.229510
2025-07-21,108865,2025072104008310,NHPC,Dynamic Money Managers Securities Pvt. Ltd.,Nepal Investment And Securities Trading Private Limited,200,222.0,44400.0,2025-07-21 11:47:09.229583
2025-07-21,108864,2025072104008311,NHPC,Dynamic Money Managers Securities Pvt. Ltd.,Imperial Securities Company Pvt. Ltd.,20,222.0,4440.0,2025-07-21 11:47:09.229651
2025-07-21,108863,2025072104008312,NHPC,Dynamic Money Managers Securities Pvt. Ltd.,Opal Securities Investment (PVT) Ltd.,865,222.0,192030.0,2025-07-21 11:47:09.229720
2025-07-21,108006,2025072104008528,NHPC,Secured Securities Ltd.,Opal Securities Investment (PVT) Ltd.,1635,222.0,362970.0,2025-07-21 11:48:19.919684
2025-07-21,108005,2025072104008529,NHPC,Secured Securities Ltd.,Secured Securities Ltd.,365,222.0,81030.0,2025-07-21 11:48:19.919983
2025-07-21,107463,2025072104008622,NHPC,Opal Securities Investment (PVT) Ltd.,Secured Securities Ltd.,425,222.0,94350.0,2025-07-21 11:49:04.509198
2025-07-21,106653,2025072104008782,NHPC,Primo Securities (PVT) Ltd.,Secured Securities Ltd.,250,222.0,55500.0,2025-07-21 11:50:16.703499
2025-07-21,106594,2025072104008801,NHPC,Bhrikuti Stock Broking Co. Pvt. Ltd.,Secured Securities Ltd.,100,222.0,22200.0,2025-07-21 11:50:21.361289
2025-07-21,105572,2025072104009082,NHPC,Malla & Malla Stock Broking Company Pvt. Limited,Sweta Securities Private Limited,60,221.5,13290.0,2025-07-21 11:51:44.194752
2025-07-21,105390,2025072104009122,NHPC,Malla & Malla Stock Broking Company Pvt. Limited,Kohinoor Investment & Securities Pvt. Ltd.,118,221.5,26137.0,2025-07-21 11:52:01.447669
2025-07-21,104975,2025072104009204,NHPC,Sumeru Securities Pvt. Ltd.,Online Securities Pvt. Ltd.,1000,221.9,221900.0,2025-07-21 11:52:35.945087
2025-07-21,104846,2025072104009231,NHPC,Agrawal Securities (PVT) Ltd.,Online Securities Pvt. Ltd.,100,221.6,22160.0,2025-07-21 11:52:49.612025
2025-07-21,104845,2025072104009232,NHPC,Malla & Malla Stock Broking Company Pvt. Limited,Online Securities Pvt. Ltd.,1500,221.5,332250.0,2025-07-21 11:52:49.612201
2025-07-21,104391,2025072104009376,NHPC,Opal Securities Investment (PVT) Ltd.,Online Securities Pvt. Ltd.,1000,221.9,221900.0,2025-07-21 11:53:40.431815
2025-07-21,103589,2025072104009603,NHPC,Arun Securities (PVT) Ltd.,Online Securities Pvt. Ltd.,30,221.9,6657.0,2025-07-21 11:55:05.425674
2025-07-21,103556,2025072104009613,NHPC,Opal Securities Investment (PVT) Ltd.,Online Securities Pvt. Ltd.,970,221.9,215243.0,2025-07-21 11:55:11.075755
2025-07-21,102050,2025072104010014,NHPC,Opal Securities Investment (PVT) Ltd.,Sumeru Securities Pvt. Ltd.,30,221.9,6657.0,2025-07-21 11:57:49.233255
2025-07-21,102049,2025072104010015,NHPC,Malla & Malla Stock Broking Company Pvt. Limited,Sumeru Securities Pvt. Ltd.,32,221.5,7088.0,2025-07-21 11:57:49.233307
2025-07-21,102048,2025072104010016,NHPC,SUN SECURITIES PVT LTD,Sumeru Securities Pvt. Ltd.,90,221.1,19899.0,2025-07-21 11:57:49.233345
2025-07-21,102047,2025072104010017,NHPC,Online Securities Pvt. Ltd.,Sumeru Securities Pvt. Ltd.,20,221.0,4420.0,2025-07-21 11:57:49.233370
2025-07-21,102046,2025072104010018,NHPC,Sani Securities Company Ltd.,Sumeru Securities Pvt. Ltd.,100,221.0,22100.0,2025-07-21 11:57:49.233399
2025-07-21,102045,2025072104010019,NHPC,Sani Securities Company Ltd.,Sumeru Securities Pvt. Ltd.,50,221.0,11050.0,2025-07-21 11:57:49.233427
2025-07-21,102044,2025072104010020,NHPC,Aryatara Investment & Securities,Sumeru Securities Pvt. Ltd.,1800,220.8,397440.0,2025-07-21 11:57:49.233477
2025-07-21,102043,2025072104010021,NHPC,South Asian Bulls Pvt. Ltd.,Sumeru Securities Pvt. Ltd.,378,220.8,83462.4,2025-07-21 11:57:49.233505
2025-07-21,101833,2025072104010071,NHPC,Asian Securities Private Ltd.,Secured Securities Ltd.,760,222.0,168720.0,2025-07-21 11:58:08.351658
2025-07-21,101832,2025072104010072,NHPC,Asian Securities Private Ltd.,Dynamic Money Managers Securities Pvt. Ltd.,240,222.0,53280.0,2025-07-21 11:58:08.351876
2025-07-21,101817,2025072104010081,NHPC,Online Securities Pvt. Ltd.,Dipshikha Dhitopatra Karobar Co. Pvt Ltd.,178,220.7,39284.6,2025-07-21 11:58:09.292710
2025-07-21,101168,2025072104010275,NHPC,Online Securities Pvt. Ltd.,Opal Securities Investment (PVT) Ltd.,82,220.7,18097.4,2025-07-21 11:59:09.817054
2025-07-21,101167,2025072104010276,NHPC,Neev Securities Pvt. Ltd.,Opal Securities Investment (PVT) Ltd.,10,220.5,2205.0,2025-07-21 11:59:09.817398
2025-07-21,101166,2025072104010277,NHPC,Malla & Malla Stock Broking Company Pvt. Limited,Opal Securities Investment (PVT) Ltd.,100,220.5,22050.0,2025-07-21 11:59:09.817606
2025-07-21,101165,2025072104010278,NHPC,Premier Securities Company Ltd.,Opal Securities Investment (PVT) Ltd.,4000,220.5,882000.0,2025-07-21 11:59:09.817826
2025-07-21,100676,2025072104010419,NHPC,Sewa Securities Pvt. Ltd.,Primo Securities (PVT) Ltd.,25,220.4,5510.0,2025-07-21 11:59:51.434940
2025-07-21,100675,2025072104010420,NHPC,Sani Securities Company Ltd.,Primo Securities (PVT) Ltd.,190,220.3,41857.0,2025-07-21 11:59:51.435265
2025-07-21,100674,2025072104010421,NHPC,Kohinoor Investment & Securities Pvt. Ltd.,Primo Securities (PVT) Ltd.,500,220.0,110000.0,2025-07-21 11:59:51.435485
2025-07-21,100673,2025072104010422,NHPC,Sani Securities Company Ltd.,Primo Securities (PVT) Ltd.,1000,220.0,220000.0,2025-07-21 11:59:51.435677
2025-07-21,100672,2025072104010423,NHPC,Kohinoor Investment & Securities Pvt. Ltd.,Primo Securities (PVT) Ltd.,100,220.0,22000.0,2025-07-21 11:59:51.435868
2025-07-21,100671,2025072104010424,NHPC,J.F. Securites (PVT) Ltd.,Primo Securities (PVT) Ltd.,2000,220.0,440000.0,2025-07-21 11:59:51.436052
2025-07-21,100670,2025072104010425,NHPC,Kumari Securities Private Limited,Primo Securities (PVT) Ltd.,250,220.0,55000.0,2025-07-21 11:59:51.436252
2025-07-21,100669,2025072104010426,NHPC,Sundhara Securities Limited,Primo Securities (PVT) Ltd.,50,220.0,11000.0,2025-07-21 11:59:51.436439
2025-07-21,100668,2025072104010427,NHPC,Agrawal Securities (PVT) Ltd.,Primo Securities (PVT) Ltd.,100,220.0,22000.0,2025-07-21 11:59:51.436621
2025-07-21,100667,2025072104010428,NHPC,Aryatara Investment & Securities,Primo Securities (PVT) Ltd.,600,220.0,132000.0,2025-07-21 11:59:51.436800
2025-07-21,100666,2025072104010429,NHPC,Market Securities & Exchange (PVT) Ltd.,Primo Securities (PVT) Ltd.,60,220.0,13200.0,2025-07-21 11:59:51.436993
2025-07-21,100665,2025072104010430,NHPC,Sani Securities Company Ltd.,Primo Securities (PVT) Ltd.,500,220.0,110000.0,2025-07-21 11:59:51.437190
2025-07-21,99502,2025072104010827,NHPC,Premier Securities Company Ltd.,Aryatara Investment & Securities,400,219.9,87960.0,2025-07-21 12:01:31.354623
2025-07-21,99070,2025072104010943,NHPC,Premier Securities Company Ltd.,Vision Securities Pvt. Ltd,100,219.9,21990.0,2025-07-21 12:02:11.140432
2025-07-21,98853,2025072104011025,NHPC,Primo Securities (PVT) Ltd.,Vision Securities Pvt. Ltd,500,219.9,109950.0,2025-07-21 12:02:27.566723
2025-07-21,98753,2025072104011051,NHPC,Kohinoor Investment & Securities Pvt. Ltd.,Vision Securities Pvt. Ltd,200,219.8,43960.0,2025-07-21 12:02:37.529010
2025-07-21,98752,2025072104011052,NHPC,Citizens Share Broker Limited,Vision Securities Pvt. Ltd,200,219.8,43960.0,2025-07-21 12:02:37.944698
2025-07-21,98751,2025072104011053,NHPC,Citizens Share Broker Limited,Primo Securities (PVT) Ltd.,235,220.0,51700.0,2025-07-21 12:02:37.945036
2025-07-21,98561,2025072104011087,NHPC,Sagarmatha Securities Private Limited,Primo Securities (PVT) Ltd.,300,220.0,66000.0,2025-07-21 12:02:50.383104
2025-07-21,97134,2025072104011452,NHPC,Vision Securities Pvt. Ltd,Sweta Securities Private Limited,500,219.9,109950.0,2025-07-21 12:05:22.053809
2025-07-21,97055,2025072104011476,NHPC,Premier Securities Company Ltd.,Sweta Securities Private Limited,500,219.9,109950.0,2025-07-21 12:05:28.982018
2025-07-21,97054,2025072104011477,NHPC,Premier Securities Company Ltd.,Primo Securities (PVT) Ltd.,90,220.0,19800.0,2025-07-21 12:05:28.982192
2025-07-21,97053,2025072104011478,NHPC,Premier Securities Company Ltd.,Sani Securities Company Ltd.,1705,220.0,375100.0,2025-07-21 12:05:28.982265
2025-07-21,96730,2025072104011561,NHPC,Premier Securities Company Ltd.,Primo Securities (PVT) Ltd.,510,220.0,112200.0,2025-07-21 12:06:11.072994
2025-07-21,96729,2025072104011562,NHPC,Bhrikuti Stock Broking Co. Pvt. Ltd.,Primo Securities (PVT) Ltd.,171,220.0,37620.0,2025-07-21 12:06:11.073332
2025-07-21,96649,2025072104011588,NHPC,Bhrikuti Stock Broking Co. Pvt. Ltd.,Opal Securities Investment (PVT) Ltd.,808,220.0,177760.0,2025-07-21 12:06:20.000670
2025-07-21,96470,2025072104011648,NHPC,Bhrikuti Stock Broking Co. Pvt. Ltd.,South Asian Bulls Pvt. Ltd.,21,220.0,4620.0,2025-07-21 12:06:41.309742
2025-07-21,96469,2025072104011649,NHPC,Neev Securities Pvt. Ltd.,South Asian Bulls Pvt. Ltd.,400,219.7,87880.0,2025-07-21 12:06:41.310076
2025-07-21,96468,2025072104011650,NHPC,Imperial Securities Company Pvt. Ltd.,South Asian Bulls Pvt. Ltd.,679,219.7,149176.3,2025-07-21 12:06:41.310310
2025-07-21,96089,2025072104011738,NHPC,Dakshinkali Investment & Securities Pvt. Ltd.,Dipshikha Dhitopatra Karobar Co. Pvt Ltd.,10,221.0,2210.0,2025-07-21 12:07:24.454472
2025-07-21,96088,2025072104011739,NHPC,Dakshinkali Investment & Securities Pvt. Ltd.,Dynamic Money Managers Securities Pvt. Ltd.,490,222.0,108780.0,2025-07-21 12:07:24.454662
2025-07-21,92834,2025072104012499,NHPC,South Asian Bulls Pvt. Ltd.,Primo Securities (PVT) Ltd.,850,221.4,188190.0,2025-07-21 12:14:36.290657
2025-07-21,91441,2025072104012869,NHPC,Ashutosh Brokerage & Securities (PVT) Ltd.,Elite Stock House Limited,10,221.0,2210.0,2025-07-21 12:17:27.869568
2025-07-21,91440,2025072104012870,NHPC,Sani Securities Company Ltd.,Elite Stock House Limited,440,220.0,96800.0,2025-07-21 12:17:27.869761
2025-07-21,91333,2025072104012922,NHPC,Sani Securities Company Ltd.,Secured Securities Ltd.,310,220.0,68200.0,2025-07-21 12:17:43.596541
2025-07-21,91332,2025072104012923,NHPC,Linch Stock Market Ltd.,Secured Securities Ltd.,100,220.0,22000.0,2025-07-21 12:17:43.596584
2025-07-21,91331,2025072104012924,NHPC,Naasa Securities Co. Ltd.,Secured Securities Ltd.,100,219.8,21980.0,2025-07-21 12:17:43.596653
2025-07-21,91330,2025072104012925,NHPC,Imperial Securities Company Pvt. Ltd.,Secured Securities Ltd.,321,219.7,70523.7,2025-07-21 12:17:43.596680
2025-07-21,91329,2025072104012926,NHPC,Naasa Securities Co. Ltd.,Secured Securities Ltd.,58,219.7,12742.6,2025-07-21 12:17:43.596702
2025-07-21,90347,2025072104013159,NHPC,Online Securities Pvt. Ltd.,Opal Securities Investment (PVT) Ltd.,50,221.0,11050.0,2025-07-21 12:20:12.146152
2025-07-21,90002,2025072104013256,NHPC,Sani Securities Company Ltd.,Opal Securities Investment (PVT) Ltd.,1509,221.0,333489.0,2025-07-21 12:21:06.287173
2025-07-21,89362,2025072104013412,NHPC,Sani Securities Company Ltd.,Aryatara Investment & Securities,78,220.8,17222.4,2025-07-21 12:22:51.610588
2025-07-21,89361,2025072104013413,NHPC,Sani Securities Company Ltd.,Primo Securities (PVT) Ltd.,150,221.4,33210.0,2025-07-21 12:22:51.610791
2025-07-21,88919,2025072104013500,NHPC,Imperial Securities Company Pvt. Ltd.,Dynamic Money Managers Securities Pvt. Ltd.,10,222.0,2220.0,2025-07-21 12:23:51.754599
2025-07-21,88506,2025072104013642,NHPC,Aryatara Investment & Securities,Dynamic Money Managers Securities Pvt. Ltd.,17,222.0,3774.0,2025-07-21 12:24:56.075849
2025-07-21,88248,2025072104013722,NHPC,Sundhara Securities Limited,Dynamic Money Managers Securities Pvt. Ltd.,10,222.0,2220.0,2025-07-21 12:25:35.981672
2025-07-21,87487,2025072104013942,NHPC,Sani Securities Company Ltd.,Arun Securities (PVT) Ltd.,250,220.1,55025.0,2025-07-21 12:27:36.251015
2025-07-21,86408,2025072104014300,NHPC,Dipshikha Dhitopatra Karobar Co. Pvt Ltd.,Malla & Malla Stock Broking Company Pvt. Limited,200,220.6,44120.0,2025-07-21 12:30:04.820303
2025-07-21,86407,2025072104014301,NHPC,Capital Max Securities Ltd,Malla & Malla Stock Broking Company Pvt. Limited,200,220.5,44100.0,2025-07-21 12:30:04.820509
2025-07-21,86406,2025072104014302,NHPC,Vision Securities Pvt. Ltd,Malla & Malla Stock Broking Company Pvt. Limited,300,220.2,66060.0,2025-07-21 12:30:04.820620
2025-07-21,86405,2025072104014303,NHPC,Sani Securities Company Ltd.,Malla & Malla Stock Broking Company Pvt. Limited,1800,220.1,396180.0,2025-07-21 12:30:04.820708
2025-07-21,84136,2025072104015006,NHPC,Sani Securities Company Ltd.,Imperial Securities Company Pvt. Ltd.,77,220.1,16947.7,2025-07-21 12:34:43.669508
2025-07-21,84058,2025072104015037,NHPC,Sani Securities Company Ltd.,Trishakti Securities Public Limited,136,220.1,29933.6,2025-07-21 12:34:52.796908
2025-07-21,83817,2025072104015120,NHPC,Sani Securities Company Ltd.,Trishakti Securities Public Limited,40,220.0,8800.0,2025-07-21 12:35:15.022534
2025-07-21,83816,2025072104015121,NHPC,Malla & Malla Stock Broking Company Pvt. Limited,Trishakti Securities Public Limited,24,220.0,5280.0,2025-07-21 12:35:15.022758
2025-07-21,83763,2025072104015142,NHPC,Malla & Malla Stock Broking Company Pvt. Limited,Online Securities Pvt. Ltd.,25,220.0,5500.0,2025-07-21 12:35:19.082602
2025-07-21,82799,2025072104015410,NHPC,Naasa Securities Co. Ltd.,Aryatara Investment & Securities,442,219.7,97107.4,2025-07-21 12:37:09.536447
2025-07-21,82798,2025072104015411,NHPC,ABC Securities Private Limited,Aryatara Investment & Securities,200,219.6,43920.0,2025-07-21 12:37:09.536701
2025-07-21,82797,2025072104015412,NHPC,Imperial Securities Company Pvt. Ltd.,Aryatara Investment & Securities,358,219.6,78616.8,2025-07-21 12:37:09.536796
2025-07-21,81463,2025072104015798,NHPC,Imperial Securities Company Pvt. Ltd.,Naasa Securities Co. Ltd.,100,219.6,21960.0,2025-07-21 12:39:26.781487
2025-07-21,80823,2025072104016036,NHPC,Imperial Securities Company Pvt. Ltd.,Kumari Securities Private Limited,42,219.6,9223.2,2025-07-21 12:40:33.104003
2025-07-21,80822,2025072104016037,NHPC,Linch Stock Market Ltd.,Kumari Securities Private Limited,150,219.5,32925.0,2025-07-21 12:40:33.104242
2025-07-21,80821,2025072104016038,NHPC,Agrawal Securities (PVT) Ltd.,Kumari Securities Private Limited,500,219.5,109750.0,2025-07-21 12:40:33.104338
2025-07-21,80820,2025072104016039,NHPC,Primo Securities (PVT) Ltd.,Kumari Securities Private Limited,50,219.5,10975.0,2025-07-21 12:40:33.104427
2025-07-21,80819,2025072104016040,NHPC,Online Securities Pvt. Ltd.,Kumari Securities Private Limited,1000,219.0,219000.0,2025-07-21 12:40:33.104516
2025-07-21,80818,2025072104016041,NHPC,ABC Securities Private Limited,Kumari Securities Private Limited,100,219.0,21900.0,2025-07-21 12:40:33.104601
2025-07-21,80817,2025072104016042,NHPC,Sewa Securities Pvt. Ltd.,Kumari Securities Private Limited,450,219.0,98550.0,2025-07-21 12:40:33.104685
2025-07-21,80816,2025072104016043,NHPC,Sani Securities Company Ltd.,Kumari Securities Private Limited,100,219.0,21900.0,2025-07-21 12:40:33.104767
2025-07-21,80815,2025072104016044,NHPC,Trisul Securities & Invt. Ltd.,Kumari Securities Private Limited,500,219.0,109500.0,2025-07-21 12:40:33.104848
2025-07-21,80814,2025072104016045,NHPC,Premier Securities Company Ltd.,Kumari Securities Private Limited,200,219.0,43800.0,2025-07-21 12:40:33.104929
2025-07-21,80813,2025072104016046,NHPC,Indira securities pvt. ltd,Kumari Securities Private Limited,250,219.0,54750.0,2025-07-21 12:40:33.105013
2025-07-21,80812,2025072104016047,NHPC,Malla & Malla Stock Broking Company Pvt. Limited,Kumari Securities Private Limited,200,219.0,43800.0,2025-07-21 12:40:33.105095
2025-07-21,80811,2025072104016048,NHPC,Thrive Brokerage House Pvt. Ltd,Kumari Securities Private Limited,30,219.0,6570.0,2025-07-21 12:40:33.105176
2025-07-21,80810,2025072104016049,NHPC,Kohinoor Investment & Securities Pvt. Ltd.,Kumari Securities Private Limited,400,219.0,87600.0,2025-07-21 12:40:33.105257
2025-07-21,80261,2025072104016207,NHPC,Dipshikha Dhitopatra Karobar Co. Pvt Ltd.,Sani Securities Company Ltd.,27,218.6,5902.2,2025-07-21 12:41:24.604578
2025-07-21,79210,2025072104016488,NHPC,Dipshikha Dhitopatra Karobar Co. Pvt Ltd.,J.F. Securites (PVT) Ltd.,273,218.6,59677.8,2025-07-21 12:42:56.329613
2025-07-21,79209,2025072104016489,NHPC,Nagarik Stock Dealer ,J.F. Securites (PVT) Ltd.,76,218.6,16613.6,2025-07-21 12:42:56.329863
2025-07-21,78983,2025072104016560,NHPC,Nagarik Stock Dealer ,Dynamic Money Managers Securities Pvt. Ltd.,924,218.6,201986.4,2025-07-21 12:43:19.902595
2025-07-21,78972,2025072104016562,NHPC,Dakshinkali Investment & Securities Pvt. Ltd.,Dynamic Money Managers Securities Pvt. Ltd.,50,218.6,10930.0,2025-07-21 12:43:20.957772
2025-07-21,78632,2025072104016638,NHPC,Online Securities Pvt. Ltd.,Dynamic Money Managers Securities Pvt. Ltd.,259,218.6,56617.4,2025-07-21 12:43:59.875059
2025-07-21,77806,2025072104016871,NHPC,Sani Securities Company Ltd.,Kumari Securities Private Limited,25,219.0,5475.0,2025-07-21 12:45:21.237825
2025-07-21,76950,2025072104017124,NHPC,Investment Management Nepal Pvt. Ltd.,Sewa Securities Pvt. Ltd.,30,219.0,6570.0,2025-07-21 12:46:32.918991
2025-07-21,75273,2025072104017593,NHPC,Investment Management Nepal Pvt. Ltd.,Asian Securities Private Ltd.,170,219.0,37230.0,2025-07-21 12:49:28.047966
2025-07-21,75272,2025072104017594,NHPC,Online Securities Pvt. Ltd.,Asian Securities Private Ltd.,21,218.6,4590.6,2025-07-21 12:49:28.048134
2025-07-21,75271,2025072104017595,NHPC,ABC Securities Private Limited,Asian Securities Private Ltd.,50,218.5,10925.0,2025-07-21 12:49:28.048206
2025-07-21,75270,2025072104017596,NHPC,Naasa Securities Co. Ltd.,Asian Securities Private Ltd.,30,218.5,6555.0,2025-07-21 12:49:28.048272
2025-07-21,75269,2025072104017597,NHPC,Opal Securities Investment (PVT) Ltd.,Asian Securities Private Ltd.,450,218.4,98280.0,2025-07-21 12:49:28.048357
2025-07-21,75268,2025072104017598,NHPC,Aryatara Investment & Securities,Asian Securities Private Ltd.,100,218.4,21840.0,2025-07-21 12:49:28.048423
2025-07-21,75267,2025072104017599,NHPC,Kohinoor Investment & Securities Pvt. Ltd.,Asian Securities Private Ltd.,461,218.2,100590.2,2025-07-21 12:49:28.048486
2025-07-21,75266,2025072104017600,NHPC,Naasa Securities Co. Ltd.,Asian Securities Private Ltd.,100,218.1,21810.0,2025-07-21 12:49:28.048550
2025-07-21,75265,2025072104017601,NHPC,Cristal Kanchanjanga Securites Pvt. Ltd.,Asian Securities Private Ltd.,100,218.1,21810.0,2025-07-21 12:49:28.048611
2025-07-21,75264,2025072104017602,NHPC,Nagarik Stock Dealer ,Asian Securities Private Ltd.,518,218.1,112975.8,2025-07-21 12:49:28.048693
2025-07-21,73626,2025072104018112,NHPC,Cristal Kanchanjanga Securites Pvt. Ltd.,Linch Stock Market Ltd.,200,218.2,43640.0,2025-07-21 12:51:56.040878
2025-07-21,73625,2025072104018113,NHPC,Nagarik Stock Dealer ,Linch Stock Market Ltd.,75,218.1,16357.5,2025-07-21 12:51:56.041131
2025-07-21,72405,2025072104018408,NHPC,KALASH STOCK MARKET PVT. LTD.,Opal Securities Investment (PVT) Ltd.,1000,218.5,218500.0,2025-07-21 12:54:40.147797
2025-07-21,72283,2025072104018438,NHPC,Dipshikha Dhitopatra Karobar Co. Pvt Ltd.,Opal Securities Investment (PVT) Ltd.,150,218.5,32775.0,2025-07-21 12:54:49.001466
2025-07-21,72171,2025072104018464,NHPC,Online Securities Pvt. Ltd.,Opal Securities Investment (PVT) Ltd.,1850,218.5,404225.0,2025-07-21 12:55:04.090550
2025-07-21,72144,2025072104018477,NHPC,Trisul Securities & Invt. Ltd.,Dipshikha Dhitopatra Karobar Co. Pvt Ltd.,150,220.0,33000.0,2025-07-21 12:55:08.484892
2025-07-21,71152,2025072104018764,NHPC,Hatemalo Financial Services Private Limited,Investment Management Nepal Pvt. Ltd.,80,219.5,17560.0,2025-07-21 12:57:18.566273
2025-07-21,70882,2025072104018826,NHPC,Hatemalo Financial Services Private Limited,Bhrikuti Stock Broking Co. Pvt. Ltd.,20,219.5,4390.0,2025-07-21 12:57:59.324342
2025-07-21,69887,2025072104019035,NHPC,Vision Securities Pvt. Ltd,Bhrikuti Stock Broking Co. Pvt. Ltd.,10,219.5,2195.0,2025-07-21 13:00:22.909051
2025-07-21,69718,2025072104019070,NHPC,Sani Securities Company Ltd.,Bhrikuti Stock Broking Co. Pvt. Ltd.,50,219.5,10975.0,2025-07-21 13:00:54.953193
2025-07-21,69270,2025072104019182,NHPC,South Asian Bulls Pvt. Ltd.,J.F. Securites (PVT) Ltd.,9,215.6,1940.4,2025-07-21 13:02:15.031817
2025-07-21,68730,2025072104019333,NHPC,Sweta Securities Private Limited,Kohinoor Investment & Securities Pvt. Ltd.,250,219.1,54775.0,2025-07-21 13:03:38.446632
2025-07-21,68729,2025072104019334,NHPC,Sani Securities Company Ltd.,Kohinoor Investment & Securities Pvt. Ltd.,78,219.0,17082.0,2025-07-21 13:03:38.446835
2025-07-21,68184,2025072104019491,NHPC,Dakshinkali Investment & Securities Pvt. Ltd.,Bhrikuti Stock Broking Co. Pvt. Ltd.,20,219.5,4390.0,2025-07-21 13:05:16.573860
2025-07-21,66659,2025072104019799,NHPC,Sundhara Securities Limited,Dipshikha Dhitopatra Karobar Co. Pvt Ltd.,200,219.2,43840.0,2025-07-21 13:09:29.972974
2025-07-21,66658,2025072104019800,NHPC,KALASH STOCK MARKET PVT. LTD.,Dipshikha Dhitopatra Karobar Co. Pvt Ltd.,150,219.1,32865.0,2025-07-21 13:09:29.973284
2025-07-21,66088,2025072104019900,NHPC,Dakshinkali Investment & Securities Pvt. Ltd.,Primo Securities (PVT) Ltd.,40,219.9,8796.0,2025-07-21 13:10:45.621549
2025-07-21,65542,2025072104020041,NHPC,KALASH STOCK MARKET PVT. LTD.,Trishakti Securities Public Limited,200,219.1,43820.0,2025-07-21 13:12:15.704743
2025-07-21,65314,2025072104020098,NHPC,Infinity Securities Limited,Primo Securities (PVT) Ltd.,200,219.9,43980.0,2025-07-21 13:12:50.702079
2025-07-21,64928,2025072104020209,NHPC,KALASH STOCK MARKET PVT. LTD.,Oxford Securities Pvt. Ltd.,650,219.1,142415.0,2025-07-21 13:13:56.042543
2025-07-21,64927,2025072104020210,NHPC,Sani Securities Company Ltd.,Oxford Securities Pvt. Ltd.,922,219.0,201918.0,2025-07-21 13:13:56.043010
2025-07-21,64926,2025072104020211,NHPC,Vision Securities Pvt. Ltd,Oxford Securities Pvt. Ltd.,100,219.0,21900.0,2025-07-21 13:13:56.043366
2025-07-21,64925,2025072104020212,NHPC,Opal Securities Investment (PVT) Ltd.,Oxford Securities Pvt. Ltd.,500,219.0,109500.0,2025-07-21 13:13:56.043782
2025-07-21,64924,2025072104020213,NHPC,Aakashbhairab Securities Ltd.,Oxford Securities Pvt. Ltd.,60,219.0,13140.0,2025-07-21 13:13:56.043925
2025-07-21,64923,2025072104020214,NHPC,Naasa Securities Co. Ltd.,Oxford Securities Pvt. Ltd.,136,219.0,29784.0,2025-07-21 13:13:56.044059
2025-07-21,64398,2025072104020343,NHPC,Trishakti Securities Public Limited,Oxford Securities Pvt. Ltd.,50,219.0,10950.0,2025-07-21 13:15:21.184086
2025-07-21,64230,2025072104020383,NHPC,Asian Securities Private Ltd.,Oxford Securities Pvt. Ltd.,500,219.0,109500.0,2025-07-21 13:15:59.651261
2025-07-21,64081,2025072104020425,NHPC,Online Securities Pvt. Ltd.,Oxford Securities Pvt. Ltd.,1145,219.0,250755.0,2025-07-21 13:16:25.660996
2025-07-21,63938,2025072104020453,NHPC,Bhrikuti Stock Broking Co. Pvt. Ltd.,Oxford Securities Pvt. Ltd.,300,219.0,65700.0,2025-07-21 13:16:43.365171
2025-07-21,63856,2025072104020476,NHPC,Shree Krishna Securities Ltd.,Oxford Securities Pvt. Ltd.,637,219.0,139503.0,2025-07-21 13:16:55.767094
2025-07-21,63855,2025072104020477,NHPC,Shree Krishna Securities Ltd.,Online Securities Pvt. Ltd.,50,219.0,10950.0,2025-07-21 13:16:55.767357
2025-07-21,63459,2025072104020574,NHPC,Arun Securities (PVT) Ltd.,Primo Securities (PVT) Ltd.,30,219.9,6597.0,2025-07-21 13:18:04.579016
2025-07-21,62707,2025072104020779,NHPC,Aryatara Investment & Securities,Primo Securities (PVT) Ltd.,730,219.9,160527.0,2025-07-21 13:19:59.595003
2025-07-21,62371,2025072104020862,NHPC,Aryatara Investment & Securities,Naasa Securities Co. Ltd.,270,220.0,59400.0,2025-07-21 13:21:06.906843
2025-07-21,62016,2025072104020956,NHPC,Sani Securities Company Ltd.,Primo Securities (PVT) Ltd.,100,219.9,21990.0,2025-07-21 13:21:58.690069
2025-07-21,60431,2025072104021442,NHPC,Shree Krishna Securities Ltd.,Premier Securities Company Ltd.,40,219.0,8760.0,2025-07-21 13:25:46.629509
2025-07-21,59710,2025072104021624,NHPC,Shree Krishna Securities Ltd.,Aryatara Investment & Securities,260,219.0,56940.0,2025-07-21 13:27:40.007664
2025-07-21,59709,2025072104021625,NHPC,Sani Securities Company Ltd.,Aryatara Investment & Securities,15,219.0,3285.0,2025-07-21 13:27:40.008170
2025-07-21,59708,2025072104021626,NHPC,Sani Securities Company Ltd.,Aryatara Investment & Securities,300,219.0,65700.0,2025-07-21 13:27:40.008498
2025-07-21,59707,2025072104021627,NHPC,Sumeru Securities Pvt. Ltd.,Aryatara Investment & Securities,425,218.6,92905.0,2025-07-21 13:27:40.008802
2025-07-21,59537,2025072104021688,NHPC,Sumeru Securities Pvt. Ltd.,Dipshikha Dhitopatra Karobar Co. Pvt Ltd.,75,218.6,16395.0,2025-07-21 13:28:19.048013
2025-07-21,59536,2025072104021689,NHPC,Sani Securities Company Ltd.,Dipshikha Dhitopatra Karobar Co. Pvt Ltd.,125,218.5,27312.5,2025-07-21 13:28:19.048272
2025-07-21,58914,2025072104021885,NHPC,Sani Securities Company Ltd.,Naasa Securities Co. Ltd.,60,218.5,13110.0,2025-07-21 13:29:46.137131
2025-07-21,58370,2025072104022037,NHPC,Sani Securities Company Ltd.,Thrive Brokerage House Pvt. Ltd,45,218.5,9832.5,2025-07-21 13:31:13.071423
2025-07-21,58369,2025072104022038,NHPC,Opal Securities Investment (PVT) Ltd.,Thrive Brokerage House Pvt. Ltd,100,218.3,21830.0,2025-07-21 13:31:13.071860
2025-07-21,58368,2025072104022039,NHPC,Nagarik Stock Dealer ,Thrive Brokerage House Pvt. Ltd,407,218.1,88766.7,2025-07-21 13:31:13.072134
2025-07-21,58367,2025072104022040,NHPC,Nagarik Stock Dealer ,Thrive Brokerage House Pvt. Ltd,1000,218.1,218100.0,2025-07-21 13:31:13.072417
2025-07-21,58366,2025072104022041,NHPC,J.F. Securites (PVT) Ltd.,Thrive Brokerage House Pvt. Ltd,598,218.0,130364.0,2025-07-21 13:31:13.072688
2025-07-21,57711,2025072104022266,NHPC,Online Securities Pvt. Ltd.,Secured Securities Ltd.,100,218.1,21810.0,2025-07-21 13:32:41.834353
2025-07-21,57710,2025072104022267,NHPC,J.F. Securites (PVT) Ltd.,Secured Securities Ltd.,23,218.0,5014.0,2025-07-21 13:32:41.834596
2025-07-21,55650,2025072104022795,NHPC,Sundhara Securities Limited,Kalika Securities Pvt. Ltd.,59,218.2,12873.8,2025-07-21 13:37:58.800472
2025-07-21,54269,2025072104023172,NHPC,Malla & Malla Stock Broking Company Pvt. Limited,Nepal Investment And Securities Trading Private Limited,1,219.5,219.5,2025-07-21 13:41:10.215805
2025-07-21,53784,2025072104023281,NHPC,Neev Securities Pvt. Ltd.,Kohinoor Investment & Securities Pvt. Ltd.,2000,219.8,439600.0,2025-07-21 13:42:12.294779
2025-07-21,53736,2025072104023290,NHPC,Neev Securities Pvt. Ltd.,Primo Securities (PVT) Ltd.,900,219.9,197910.0,2025-07-21 13:42:21.379624
2025-07-21,53735,2025072104023291,NHPC,Neev Securities Pvt. Ltd.,Naasa Securities Co. Ltd.,730,220.0,160600.0,2025-07-21 13:42:21.379909
2025-07-21,53734,2025072104023292,NHPC,Neev Securities Pvt. Ltd.,Naasa Securities Co. Ltd.,15,220.0,3300.0,2025-07-21 13:42:21.380033
2025-07-21,53733,2025072104023293,NHPC,Neev Securities Pvt. Ltd.,Sweta Securities Private Limited,23,220.0,5060.0,2025-07-21 13:42:21.380128
2025-07-21,53570,2025072104023324,NHPC,Neev Securities Pvt. Ltd.,Sweta Securities Private Limited,1360,220.9,300424.0,2025-07-21 13:42:32.447942
2025-07-21,53569,2025072104023325,NHPC,Neev Securities Pvt. Ltd.,Sweta Securities Private Limited,291,220.9,64281.9,2025-07-21 13:42:32.448396
2025-07-21,53568,2025072104023326,NHPC,Neev Securities Pvt. Ltd.,Naasa Securities Co. Ltd.,200,221.0,44200.0,2025-07-21 13:42:32.448686
2025-07-21,53567,2025072104023327,NHPC,Neev Securities Pvt. Ltd.,Sri Hari Securities Pvt. Ltd.,100,221.0,22100.0,2025-07-21 13:42:32.448956
2025-07-21,53566,2025072104023328,NHPC,Neev Securities Pvt. Ltd.,Asian Securities Private Ltd.,49,221.0,10829.0,2025-07-21 13:42:32.449235
2025-07-21,53507,2025072104023345,NHPC,Neev Securities Pvt. Ltd.,Asian Securities Private Ltd.,594,221.0,131274.0,2025-07-21 13:42:40.500100
2025-07-21,53506,2025072104023346,NHPC,Neev Securities Pvt. Ltd.,ABC Securities Private Limited,1000,221.0,221000.0,2025-07-21 13:42:40.500397
2025-07-21,53358,2025072104023364,NHPC,Neev Securities Pvt. Ltd.,R.B.B. Securities Company Ltd,150,221.0,33150.0,2025-07-21 13:43:03.879728
2025-07-21,52324,2025072104023597,NHPC,Neev Securities Pvt. Ltd.,Bhrikuti Stock Broking Co. Pvt. Ltd.,256,221.0,56576.0,2025-07-21 13:45:10.455259
2025-07-21,52323,2025072104023598,NHPC,Neev Securities Pvt. Ltd.,Bhrikuti Stock Broking Co. Pvt. Ltd.,332,221.0,73372.0,2025-07-21 13:45:10.455776
2025-07-21,51316,2025072104023827,NHPC,J.F. Securites (PVT) Ltd.,Aryatara Investment & Securities,500,220.9,110450.0,2025-07-21 13:47:27.239099
2025-07-21,51315,2025072104023828,NHPC,J.F. Securites (PVT) Ltd.,Bhrikuti Stock Broking Co. Pvt. Ltd.,586,221.0,129506.0,2025-07-21 13:47:27.239560
2025-07-21,50931,2025072104023902,NHPC,Sani Securities Company Ltd.,Bhrikuti Stock Broking Co. Pvt. Ltd.,40,221.0,8840.0,2025-07-21 13:48:14.159520
2025-07-21,47274,2025072104024637,NHPC,Sumeru Securities Pvt. Ltd.,Nepal Investment And Securities Trading Private Limited,225,220.0,49500.0,2025-07-21 13:53:58.681271
2025-07-21,46114,2025072104024918,NHPC,Naasa Securities Co. Ltd.,ABC Securities Private Limited,3,218.0,654.0,2025-07-21 13:56:18.340364
2025-07-21,45122,2025072104025128,NHPC,Deevyaa Securities & Stock House Pvt. Ltd,Premier Securities Company Ltd.,17,220.1,3741.7,2025-07-21 13:58:10.505910
2025-07-21,45106,2025072104025130,NHPC,Blue Chip Securities Ltd,Bhrikuti Stock Broking Co. Pvt. Ltd.,787,221.0,173927.0,2025-07-21 13:58:12.935124
2025-07-21,45105,2025072104025131,NHPC,Blue Chip Securities Ltd,Aryatara Investment & Securities,348,221.0,76908.0,2025-07-21 13:58:12.935609
2025-07-21,44765,2025072104025160,NHPC,Neev Securities Pvt. Ltd.,Kumari Securities Private Limited,200,221.1,44220.0,2025-07-21 13:58:33.043260
2025-07-21,43831,2025072104025336,NHPC,Neev Securities Pvt. Ltd.,Ashutosh Brokerage & Securities (PVT) Ltd.,100,221.1,22110.0,2025-07-21 13:59:56.756915
2025-07-21,42210,2025072104025644,NHPC,Blue Chip Securities Ltd,Sumeru Securities Pvt. Ltd.,681,221.0,150501.0,2025-07-21 14:02:43.641210
2025-07-21,42209,2025072104025645,NHPC,Neev Securities Pvt. Ltd.,Sumeru Securities Pvt. Ltd.,270,221.0,59670.0,2025-07-21 14:02:43.641275
2025-07-21,42041,2025072104025676,NHPC,Sani Securities Company Ltd.,R.B.B. Securities Company Ltd,50,221.0,11050.0,2025-07-21 14:03:04.403482
2025-07-21,41021,2025072104025964,NHPC,Sani Securities Company Ltd.,Sumeru Securities Pvt. Ltd.,50,221.0,11050.0,2025-07-21 14:04:37.493015
2025-07-21,41020,2025072104025965,NHPC,Nepal Investment And Securities Trading Private Limited,Sumeru Securities Pvt. Ltd.,45,220.6,9927.0,2025-07-21 14:04:37.493108
2025-07-21,41019,2025072104025966,NHPC,Blue Chip Securities Ltd,Sumeru Securities Pvt. Ltd.,500,220.2,110100.0,2025-07-21 14:04:37.493136
2025-07-21,41018,2025072104025967,NHPC,Deevyaa Securities & Stock House Pvt. Ltd,Sumeru Securities Pvt. Ltd.,405,220.1,89140.5,2025-07-21 14:04:37.493162
2025-07-21,40651,2025072104026074,NHPC,Opal Securities Investment (PVT) Ltd.,Opal Securities Investment (PVT) Ltd.,50,221.0,11050.0,2025-07-21 14:05:22.327974
2025-07-21,40549,2025072104026117,NHPC,Opal Securities Investment (PVT) Ltd.,Online Securities Pvt. Ltd.,462,221.0,102102.0,2025-07-21 14:05:35.350854
2025-07-21,40126,2025072104026270,NHPC,Opal Securities Investment (PVT) Ltd.,Naasa Securities Co. Ltd.,100,221.0,22100.0,2025-07-21 14:06:13.919513
2025-07-21,39787,2025072104026369,NHPC,Sri Hari Securities Pvt. Ltd.,R.B.B. Securities Company Ltd,50,221.5,11075.0,2025-07-21 14:06:55.616148
2025-07-21,39786,2025072104026370,NHPC,Sri Hari Securities Pvt. Ltd.,R.B.B. Securities Company Ltd,150,221.6,33240.0,2025-07-21 14:06:55.616673
2025-07-21,39785,2025072104026371,NHPC,Sri Hari Securities Pvt. Ltd.,Kohinoor Investment & Securities Pvt. Ltd.,200,221.6,44320.0,2025-07-21 14:06:55.616985
2025-07-21,39460,2025072104026505,NHPC,Opal Securities Investment (PVT) Ltd.,Roadshow securities limited,143,221.0,31603.0,2025-07-21 14:07:27.705205
2025-07-21,39459,2025072104026506,NHPC,Deevyaa Securities & Stock House Pvt. Ltd,Roadshow securities limited,578,220.1,127217.8,2025-07-21 14:07:27.705288
2025-07-21,39458,2025072104026507,NHPC,Sani Securities Company Ltd.,Roadshow securities limited,190,220.0,41800.0,2025-07-21 14:07:27.705341
2025-07-21,39457,2025072104026508,NHPC,Neev Securities Pvt. Ltd.,Roadshow securities limited,89,220.0,19580.0,2025-07-21 14:07:27.705373
2025-07-21,39043,2025072104026678,NHPC,Neev Securities Pvt. Ltd.,South Asian Bulls Pvt. Ltd.,911,220.0,200420.0,2025-07-21 14:08:13.386494
2025-07-21,39042,2025072104026679,NHPC,Sundhara Securities Limited,South Asian Bulls Pvt. Ltd.,89,220.0,19580.0,2025-07-21 14:08:13.386737
2025-07-21,38913,2025072104026702,NHPC,Sundhara Securities Limited,Imperial Securities Company Pvt. Ltd.,65,220.0,14300.0,2025-07-21 14:08:27.203415
2025-07-21,38816,2025072104026712,NHPC,Sundhara Securities Limited,Sumeru Securities Pvt. Ltd.,346,220.0,76120.0,2025-07-21 14:08:37.832424
2025-07-21,38815,2025072104026713,NHPC,Agrawal Securities (PVT) Ltd.,Sumeru Securities Pvt. Ltd.,200,220.0,44000.0,2025-07-21 14:08:37.832505
2025-07-21,38814,2025072104026714,NHPC,Dipshikha Dhitopatra Karobar Co. Pvt Ltd.,Sumeru Securities Pvt. Ltd.,180,220.0,39600.0,2025-07-21 14:08:37.832532
2025-07-21,38602,2025072104026784,NHPC,Hatemalo Financial Services Private Limited,Opal Securities Investment (PVT) Ltd.,100,221.0,22100.0,2025-07-21 14:09:07.354041
2025-07-21,38601,2025072104026785,NHPC,Hatemalo Financial Services Private Limited,Linch Stock Market Ltd.,150,221.8,33270.0,2025-07-21 14:09:07.354091
2025-07-21,38600,2025072104026786,NHPC,Hatemalo Financial Services Private Limited,R.B.B. Securities Company Ltd,100,221.8,22180.0,2025-07-21 14:09:07.354142
2025-07-21,38599,2025072104026787,NHPC,Hatemalo Financial Services Private Limited,Creative Securities Pvt Ltd,555,221.9,123154.5,2025-07-21 14:09:07.354174
2025-07-21,38598,2025072104026788,NHPC,Hatemalo Financial Services Private Limited,Naasa Securities Co. Ltd.,25,222.0,5550.0,2025-07-21 14:09:07.354200
2025-07-21,38597,2025072104026789,NHPC,Hatemalo Financial Services Private Limited,Kumari Securities Private Limited,500,222.0,111000.0,2025-07-21 14:09:07.354230
2025-07-21,38596,2025072104026790,NHPC,Hatemalo Financial Services Private Limited,Vision Securities Pvt. Ltd,400,222.0,88800.0,2025-07-21 14:09:07.354257
2025-07-21,38595,2025072104026791,NHPC,Hatemalo Financial Services Private Limited,Aryatara Investment & Securities,100,222.0,22200.0,2025-07-21 14:09:07.354286
2025-07-21,38594,2025072104026792,NHPC,Hatemalo Financial Services Private Limited,Agrawal Securities (PVT) Ltd.,70,222.0,15540.0,2025-07-21 14:09:07.354329
2025-07-21,38055,2025072104026926,NHPC,Neev Securities Pvt. Ltd.,Sumeru Securities Pvt. Ltd.,1380,220.0,303600.0,2025-07-21 14:10:11.634464
2025-07-21,35809,2025072104027622,NHPC,Kohinoor Investment & Securities Pvt. Ltd.,Naasa Securities Co. Ltd.,50,219.2,10960.0,2025-07-21 14:14:22.229197
2025-07-21,35306,2025072104027842,NHPC,Sani Securities Company Ltd.,Naasa Securities Co. Ltd.,472,219.0,103368.0,2025-07-21 14:15:15.443039
2025-07-21,35104,2025072104027904,NHPC,Opal Securities Investment (PVT) Ltd.,Cristal Kanchanjanga Securites Pvt. Ltd.,10,220.0,2200.0,2025-07-21 14:15:39.135270
2025-07-21,33977,2025072104028273,NHPC,Sani Securities Company Ltd.,Cristal Kanchanjanga Securites Pvt. Ltd.,10,219.0,2190.0,2025-07-21 14:17:46.018513
2025-07-21,33833,2025072104028325,NHPC,Sani Securities Company Ltd.,Sani Securities Company Ltd.,100,219.0,21900.0,2025-07-21 14:17:59.989340
2025-07-21,32986,2025072104028563,NHPC,Sani Securities Company Ltd.,Sri Hari Securities Pvt. Ltd.,50,219.0,10950.0,2025-07-21 14:19:35.998887
2025-07-21,32905,2025072104028578,NHPC,Sani Securities Company Ltd.,Ashutosh Brokerage & Securities (PVT) Ltd.,150,219.0,32850.0,2025-07-21 14:19:44.197523
2025-07-21,32408,2025072104028735,NHPC,Sri Hari Securities Pvt. Ltd.,Kumari Securities Private Limited,109,220.0,23980.0,2025-07-21 14:20:43.484684
2025-07-21,32167,2025072104028905,NHPC,Sani Securities Company Ltd.,Agrawal Securities (PVT) Ltd.,218,219.0,47742.0,2025-07-21 14:21:00.276273
2025-07-21,31574,2025072104029049,NHPC,Sani Securities Company Ltd.,Sewa Securities Pvt. Ltd.,33,218.5,7210.5,2025-07-21 14:21:57.869806
2025-07-21,31573,2025072104029050,NHPC,Neev Securities Pvt. Ltd.,Sewa Securities Pvt. Ltd.,100,218.4,21840.0,2025-07-21 14:21:57.870058
2025-07-21,31572,2025072104029051,NHPC,Vision Securities Pvt. Ltd,Sewa Securities Pvt. Ltd.,500,218.3,109150.0,2025-07-21 14:21:57.870160
2025-07-21,31571,2025072104029052,NHPC,Sundhara Securities Limited,Sewa Securities Pvt. Ltd.,141,218.2,30766.2,2025-07-21 14:21:57.870260
2025-07-21,31570,2025072104029053,NHPC,Opal Securities Investment (PVT) Ltd.,Sewa Securities Pvt. Ltd.,350,218.2,76370.0,2025-07-21 14:21:57.870377
2025-07-21,31569,2025072104029054,NHPC,Aakashbhairab Securities Ltd.,Sewa Securities Pvt. Ltd.,176,218.1,38385.6,2025-07-21 14:21:57.870480
2025-07-21,31308,2025072104029120,NHPC,Bhrikuti Stock Broking Co. Pvt. Ltd.,Sundhara Securities Limited,318,218.1,69355.8,2025-07-21 14:22:29.174438
2025-07-21,31307,2025072104029121,NHPC,Creative Securities Pvt Ltd,Sundhara Securities Limited,97,218.1,21155.7,2025-07-21 14:22:29.174703
2025-07-21,30803,2025072104029263,NHPC,Creative Securities Pvt Ltd,Online Securities Pvt. Ltd.,500,218.1,109050.0,2025-07-21 14:23:17.335454
2025-07-21,30719,2025072104029293,NHPC,Nepal Stock House (PVT) Ltd.,Agrawal Securities (PVT) Ltd.,45,219.0,9855.0,2025-07-21 14:23:27.306007
2025-07-21,29620,2025072104029554,NHPC,Opal Securities Investment (PVT) Ltd.,Agrawal Securities (PVT) Ltd.,10,219.0,2190.0,2025-07-21 14:25:13.598641
2025-07-21,28399,2025072104029928,NHPC,Kohinoor Investment & Securities Pvt. Ltd.,Agrawal Securities (PVT) Ltd.,227,219.0,49713.0,2025-07-21 14:27:24.113487
2025-07-21,28398,2025072104029929,NHPC,Kohinoor Investment & Securities Pvt. Ltd.,Online Securities Pvt. Ltd.,23,219.0,5037.0,2025-07-21 14:27:24.113948
2025-07-21,28300,2025072104029944,NHPC,Kohinoor Investment & Securities Pvt. Ltd.,Kumari Securities Private Limited,11,220.0,2420.0,2025-07-21 14:27:31.162231
2025-07-21,25242,2025072104030825,NHPC,Capital Max Securities Ltd,Ashutosh Brokerage & Securities (PVT) Ltd.,100,220.0,22000.0,2025-07-21 14:33:13.788944
2025-07-21,23756,2025072104031237,NHPC,Shree Krishna Securities Ltd.,Trisul Securities & Invt. Ltd.,700,218.5,152950.0,2025-07-21 14:36:26.523808
2025-07-21,22318,2025072104031597,NHPC,Kohinoor Investment & Securities Pvt. Ltd.,Ashutosh Brokerage & Securities (PVT) Ltd.,11,220.0,2420.0,2025-07-21 14:39:00.805121
2025-07-21,21273,2025072104031876,NHPC,Online Securities Pvt. Ltd.,Sri Hari Securities Pvt. Ltd.,11,218.6,2404.6,2025-07-21 14:40:54.224328
2025-07-21,20008,2025072104032194,NHPC,Midas Stock Broking Company Private Limited,Aryatara Investment & Securities,50,219.0,10950.0,2025-07-21 14:42:53.351308
2025-07-21,17130,2025072104032989,NHPC,Vision Securities Pvt. Ltd,Aryatara Investment & Securities,300,219.0,65700.0,2025-07-21 14:46:24.955663
2025-07-21,16972,2025072104033025,NHPC,Sundhara Securities Limited,Aryatara Investment & Securities,500,219.0,109500.0,2025-07-21 14:46:34.840934
2025-07-21,16487,2025072104033144,NHPC,Agrawal Securities (PVT) Ltd.,Aryatara Investment & Securities,150,219.0,32850.0,2025-07-21 14:47:13.678695
2025-07-21,16486,2025072104033145,NHPC,Agrawal Securities (PVT) Ltd.,Linch Stock Market Ltd.,20,219.0,4380.0,2025-07-21 14:47:13.679185
2025-07-21,16485,2025072104033146,NHPC,Agrawal Securities (PVT) Ltd.,Sani Securities Company Ltd.,30,219.0,6570.0,2025-07-21 14:47:13.679509
2025-07-21,16443,2025072104033166,NHPC,Property Wiard Limited,Sani Securities Company Ltd.,326,219.0,71394.0,2025-07-21 14:47:17.607469
2025-07-21,15284,2025072104033454,NHPC,Kohinoor Investment & Securities Pvt. Ltd.,Ashutosh Brokerage & Securities (PVT) Ltd.,11,220.0,2420.0,2025-07-21 14:48:41.840714
2025-07-21,15238,2025072104033462,NHPC,Investment Management Nepal Pvt. Ltd.,Ashutosh Brokerage & Securities (PVT) Ltd.,10,220.0,2200.0,2025-07-21 14:48:44.966038
2025-07-21,13620,2025072104033944,NHPC,Trishakti Securities Public Limited,Market Securities & Exchange (PVT) Ltd.,200,219.1,43820.0,2025-07-21 14:50:49.323782
2025-07-21,13619,2025072104033945,NHPC,Deevyaa Securities & Stock House Pvt. Ltd,Market Securities & Exchange (PVT) Ltd.,200,219.0,43800.0,2025-07-21 14:50:49.323975
2025-07-21,13618,2025072104033946,NHPC,Sweta Securities Private Limited,Market Securities & Exchange (PVT) Ltd.,45,219.0,9855.0,2025-07-21 14:50:49.324077
2025-07-21,12771,2025072104034163,NHPC,Sweta Securities Private Limited,Aryatara Investment & Securities,455,219.0,99645.0,2025-07-21 14:51:42.151776
2025-07-21,12770,2025072104034164,NHPC,Aryatara Investment & Securities,Aryatara Investment & Securities,110,219.0,24090.0,2025-07-21 14:51:42.152233
2025-07-21,12769,2025072104034165,NHPC,Kohinoor Investment & Securities Pvt. Ltd.,Aryatara Investment & Securities,300,219.0,65700.0,2025-07-21 14:51:42.152556
2025-07-21,12768,2025072104034166,NHPC,Neev Securities Pvt. Ltd.,Aryatara Investment & Securities,135,219.0,29565.0,2025-07-21 14:51:42.152844
2025-07-21,12762,2025072104034169,NHPC,Shree Krishna Securities Ltd.,Naasa Securities Co. Ltd.,10,219.8,2198.0,2025-07-21 14:51:42.630320
2025-07-21,12761,2025072104034170,NHPC,Shree Krishna Securities Ltd.,Linch Stock Market Ltd.,150,219.9,32985.0,2025-07-21 14:51:42.630618
2025-07-21,12760,2025072104034171,NHPC,Shree Krishna Securities Ltd.,Ashutosh Brokerage & Securities (PVT) Ltd.,18,220.0,3960.0,2025-07-21 14:51:42.630726
2025-07-21,12759,2025072104034172,NHPC,Shree Krishna Securities Ltd.,Sanima Securities Limited,185,220.0,40700.0,2025-07-21 14:51:42.630834
2025-07-21,11384,2025072104034519,NHPC,Sri Hari Securities Pvt. Ltd.,Sanima Securities Limited,50,220.0,11000.0,2025-07-21 14:53:03.570952
2025-07-21,11074,2025072104034604,NHPC,Siprabi Securities Pvt. Ltd.,Sanima Securities Limited,65,220.0,14300.0,2025-07-21 14:53:25.191993
2025-07-21,11073,2025072104034605,NHPC,Siprabi Securities Pvt. Ltd.,Sanima Securities Limited,10,220.0,2200.0,2025-07-21 14:53:25.192250
2025-07-21,11014,2025072104034611,NHPC,Imperial Securities Company Pvt. Ltd.,Sanima Securities Limited,150,220.0,33000.0,2025-07-21 14:53:28.308935
2025-07-21,11013,2025072104034612,NHPC,Imperial Securities Company Pvt. Ltd.,Vision Securities Pvt. Ltd,100,220.0,22000.0,2025-07-21 14:53:28.308998
2025-07-21,11012,2025072104034613,NHPC,Imperial Securities Company Pvt. Ltd.,Naasa Securities Co. Ltd.,250,220.0,55000.0,2025-07-21 14:53:28.309023
2025-07-21,10979,2025072104034618,NHPC,Linch Stock Market Ltd.,Naasa Securities Co. Ltd.,20,220.0,4400.0,2025-07-21 14:53:30.336665
2025-07-21,9773,2025072104034850,NHPC,Property Wiard Limited,Global IME Securities Limited,46,219.1,10078.6,2025-07-21 14:54:42.101621
2025-07-21,9646,2025072104034859,NHPC,Property Wiard Limited,Linch Stock Market Ltd.,500,219.1,109550.0,2025-07-21 14:54:44.508287
2025-07-21,8008,2025072104035257,NHPC,Kohinoor Investment & Securities Pvt. Ltd.,Naasa Securities Co. Ltd.,11,220.0,2420.0,2025-07-21 14:56:06.526187
2025-07-21,6781,2025072104035540,NHPC,Nagarik Stock Dealer ,Naasa Securities Co. Ltd.,119,220.0,26180.0,2025-07-21 14:56:57.830873
2025-07-21,6780,2025072104035541,NHPC,Nagarik Stock Dealer ,ABC Securities Private Limited,507,220.0,111540.0,2025-07-21 14:56:57.831357
2025-07-21,6779,2025072104035542,NHPC,Nagarik Stock Dealer ,Ashutosh Brokerage & Securities (PVT) Ltd.,266,220.0,58520.0,2025-07-21 14:56:57.831649
2025-07-21,6778,2025072104035543,NHPC,Nagarik Stock Dealer ,Siprabi Securities Pvt. Ltd.,2500,220.0,550000.0,2025-07-21 14:56:57.831954
2025-07-21,6587,2025072104035575,NHPC,Shree Krishna Securities Ltd.,Aryatara Investment & Securities,150,220.0,33000.0,2025-07-21 14:57:05.471168
2025-07-21,6073,2025072104035700,NHPC,Naasa Securities Co. Ltd.,Linch Stock Market Ltd.,19,220.1,4181.9,2025-07-21 14:57:26.468753
2025-07-21,5538,2025072104035868,NHPC,Shree Krishna Securities Ltd.,Siprabi Securities Pvt. Ltd.,15,220.0,3300.0,2025-07-21 14:57:47.463561
2025-07-21,4347,2025072104036141,NHPC,Kumari Securities Private Limited,Sri Hari Securities Pvt. Ltd.,10,221.0,2210.0,2025-07-21 14:58:22.914936
2025-07-21,4226,2025072104036190,NHPC,Nagarik Stock Dealer ,Sani Securities Company Ltd.,10,220.1,2201.0,2025-07-21 14:58:26.293745
2025-07-21,4029,2025072104036240,NHPC,Nagarik Stock Dealer ,Siprabi Securities Pvt. Ltd.,60,220.1,13206.0,2025-07-21 14:58:33.492348
2025-07-21,3831,2025072104036274,NHPC,Nagarik Stock Dealer ,Secured Securities Ltd.,730,220.1,160673.0,2025-07-21 14:58:38.625520
2025-07-21,3830,2025072104036275,NHPC,Shree Krishna Securities Ltd.,Secured Securities Ltd.,270,220.0,59400.0,2025-07-21 14:58:38.625759
2025-07-21,3208,2025072104036407,NHPC,Primo Securities (PVT) Ltd.,Sri Hari Securities Pvt. Ltd.,490,221.0,108290.0,2025-07-21 14:58:55.355611
2025-07-21,3207,2025072104036408,NHPC,Primo Securities (PVT) Ltd.,Blue Chip Securities Ltd,510,221.0,112710.0,2025-07-21 14:58:55.355864
2025-07-21,2910,2025072104036507,NHPC,Sani Securities Company Ltd.,Blue Chip Securities Ltd,490,221.0,108290.0,2025-07-21 14:59:02.976175
2025-07-21,2909,2025072104036508,NHPC,Sani Securities Company Ltd.,Imperial Securities Company Pvt. Ltd.,300,221.0,66300.0,2025-07-21 14:59:02.976288
2025-07-21,2908,2025072104036509,NHPC,Sani Securities Company Ltd.,Shree Krishna Securities Ltd.,200,221.0,44200.0,2025-07-21 14:59:02.976392
2025-07-21,2907,2025072104036510,NHPC,Sani Securities Company Ltd.,Creative Securities Pvt Ltd,555,221.8,123099.0,2025-07-21 14:59:02.976482
2025-07-21,2906,2025072104036511,NHPC,Sani Securities Company Ltd.,KALASH STOCK MARKET PVT. LTD.,100,221.9,22190.0,2025-07-21 14:59:02.976599
2025-07-21,2905,2025072104036512,NHPC,Sani Securities Company Ltd.,Agrawal Securities (PVT) Ltd.,10,222.0,2220.0,2025-07-21 14:59:02.976695
2025-07-21,2904,2025072104036513,NHPC,Sani Securities Company Ltd.,Imperial Securities Company Pvt. Ltd.,345,222.0,76590.0,2025-07-21 14:59:02.976817
2025-07-21,1273,2025072104036947,NHPC,Bhrikuti Stock Broking Co. Pvt. Ltd.,KALASH STOCK MARKET PVT. LTD.,100,221.9,22190.0,2025-07-21 14:59:39.658346
2025-07-21,1272,2025072104036948,NHPC,Bhrikuti Stock Broking Co. Pvt. Ltd.,Imperial Securities Company Pvt. Ltd.,300,222.0,66600.0,2025-07-21 14:59:39.658748
